window,min_ev,filter,max_ratio,kill_switch,is_roi,is_bets,is_pos,is_seasons,is_bk
sliding_5,0.1,solo_X[3.50-4.50),1.15,no,0.1922,37,4,8,1071.1
sliding_5,0.1,solo_X[3.50-4.50),1.15,si,0.1922,37,4,8,1071.1
sliding_4,0.1,solo_X[3.50-4.50),1.2,si,0.1796,51,6,8,1091.6
sliding_4,0.1,solo_X[3.50-4.50),1.2,no,0.1796,51,6,8,1091.6
sliding_5,0.1,base+X[3.70-4.50),1.15,no,0.1575,115,4,8,1181.1
sliding_4,0.1,solo_X[3.50-4.50),none,si,0.135,74,6,8,1099.9
sliding_4,0.1,solo_X[3.50-4.50),none,no,0.135,74,6,8,1099.9
sliding_4,0.1,solo_X[3.50-4.50),1.15,si,0.1261,28,5,8,1035.3
sliding_4,0.1,solo_X[3.50-4.50),1.15,no,0.1261,28,5,8,1035.3
expanding,0.1,base,1.2,si,0.1182,164,6,8,1193.9
sliding_9,0.1,base,1.2,si,0.1182,164,6,8,1193.9
sliding_5,0.1,solo_X[3.50-4.50),none,no,0.1175,68,6,8,1079.9
sliding_5,0.1,solo_X[3.50-4.50),none,si,0.1175,68,6,8,1079.9
sliding_3,0.1,base,1.2,si,0.1144,129,6,8,1147.6
sliding_5,0.06,base,1.15,si,0.1138,171,6,8,1194.6
sliding_5,0.1,base+X[3.50-4.50),1.15,no,0.1136,126,4,8,1143.1
sliding_5,0.07,base,1.15,si,0.113,150,6,8,1169.5
sliding_5,0.06,base,1.2,si,0.1102,220,6,8,1242.5
sliding_3,0.1,base,1.2,no,0.11,146,7,8,1160.6
sliding_5,0.1,base+X[3.70-4.50),1.2,si,0.1092,168,4,8,1183.4
sliding_5,0.1,base,1.2,si,0.1083,150,7,8,1162.4
sliding_3,0.06,base,1.2,si,0.1072,185,6,8,1198.4
sliding_3,0.07,base,1.2,si,0.107,172,6,8,1184.1
sliding_3,0.06,base,1.2,no,0.1048,227,7,8,1238.0
sliding_9,0.1,base,1.2,no,0.1039,176,6,8,1182.9
expanding,0.1,base,1.2,no,0.1039,176,6,8,1182.9
sliding_5,0.07,base,1.2,si,0.1021,193,5,8,1197.1
sliding_3,0.07,base,1.2,no,0.1014,207,7,8,1209.8
sliding_5,0.07,base,1.15,no,0.0995,156,6,8,1155.2
sliding_5,0.06,base,1.15,no,0.0993,185,6,8,1183.7
sliding_5,0.1,base+X[3.70-4.50),1.2,no,0.0992,201,5,8,1199.3
sliding_3,0.05,base,1.2,no,0.0978,251,7,8,1245.6
sliding_5,0.06,base+X[3.70-4.50),1.15,si,0.0973,212,4,8,1206.2
sliding_5,0.05,base,1.15,si,0.097,183,5,8,1177.5
sliding_5,0.07,base+X[3.70-4.50),1.15,si,0.0955,198,5,8,1189.1
sliding_3,0.06,base,1.15,no,0.092,175,7,8,1161.0
sliding_3,0.05,base,1.2,si,0.0908,199,5,8,1180.6
sliding_3,0.1,base,1.15,si,0.0889,94,5,8,1083.6
sliding_3,0.1,base,1.15,no,0.0889,94,5,8,1083.6
sliding_4,0.1,solo_X[3.50-4.50),1.25,si,0.0883,63,5,8,1055.6
sliding_4,0.1,solo_X[3.50-4.50),1.25,no,0.0883,63,5,8,1055.6
sliding_3,0.06,base,1.25,no,0.0878,269,7,8,1236.2
sliding_5,0.05,base,1.2,si,0.0867,232,5,8,1201.2
sliding_3,0.07,base,1.15,no,0.0857,155,7,8,1132.8
sliding_5,0.04,base+X[3.70-4.50),none,si,0.0855,283,4,8,1241.9
sliding_3,0.04,base,1.2,si,0.0854,215,5,8,1183.7
sliding_3,0.05,base,1.15,no,0.0847,199,7,8,1168.6
sliding_3,0.1,base,1.25,no,0.0845,188,5,8,1158.8
sliding_7,0.1,base,1.2,si,0.0841,154,5,8,1129.5
sliding_5,0.05,base,1.25,si,0.0838,244,5,8,1204.4
sliding_3,0.07,base,1.25,no,0.0835,249,7,8,1208.0
sliding_3,0.05,base,1.25,no,0.0832,293,7,8,1243.8
sliding_5,0.06,base+X[3.70-4.50),none,si,0.0829,257,4,8,1213.0
sliding_5,0.06,base,1.2,no,0.0821,258,6,8,1211.9
sliding_5,0.06,base+X[3.50-4.50),1.15,si,0.0819,237,5,8,1194.2
sliding_3,0.05,base,1.25,si,0.0818,237,7,8,1193.8
sliding_5,0.1,base,1.15,no,0.0809,89,5,8,1072.0
sliding_5,0.1,base,1.15,si,0.0809,89,5,8,1072.0
sliding_5,0.07,base,1.2,no,0.0801,229,6,8,1183.4
sliding_3,0.07,base,1.25,si,0.0793,202,7,8,1160.2
sliding_7,0.04,base,1.2,si,0.0791,272,5,8,1215.1
sliding_3,0.06,base,1.25,si,0.0773,215,7,8,1166.2
sliding_3,0.06,base+X[3.50-4.50),1.25,si,0.0764,262,5,8,1200.1
sliding_5,0.07,base,1.25,si,0.0763,206,4,8,1157.2
sliding_3,0.05,base+X[3.70-4.50),1.15,no,0.0761,260,4,8,1197.8
sliding_7,0.05,base,1.2,si,0.0751,235,4,8,1176.5
sliding_3,0.04,base,1.2,no,0.0748,278,6,8,1208.0
sliding_7,0.06,base,1.2,si,0.0747,220,5,8,1164.3
sliding_5,0.06,base,1.25,si,0.0742,222,4,8,1164.8
sliding_5,0.04,base,1.2,si,0.0741,260,5,8,1192.6
sliding_3,0.05,base+X[3.50-4.50),1.15,no,0.0732,307,4,8,1224.8
sliding_5,0.07,base+X[3.70-4.50),1.15,no,0.0731,210,5,8,1153.6
sliding_5,0.1,base+X[3.50-4.50),1.2,si,0.0731,177,4,8,1129.4
sliding_5,0.05,base,1.15,no,0.0723,206,5,8,1148.9
sliding_5,0.1,base+X[3.70-4.50),1.25,si,0.0723,182,4,8,1131.6
sliding_5,0.07,base+X[3.50-4.50),1.15,si,0.0717,219,5,8,1157.1
sliding_3,0.06,base+X[3.50-4.50),1.15,no,0.0716,270,4,8,1193.4
sliding_5,0.05,base+X[3.70-4.50),1.2,si,0.071,270,5,8,1191.7
sliding_3,0.05,base+X[3.70-4.50),1.2,no,0.0696,329,5,8,1228.9
sliding_3,0.06,base+X[3.50-4.50),1.2,si,0.0695,298,5,8,1207.0
expanding,0.1,base+X[3.70-4.50),1.2,si,0.0694,187,4,8,1129.7
sliding_9,0.1,base+X[3.70-4.50),1.2,si,0.0694,187,4,8,1129.7
sliding_5,0.04,base,1.15,no,0.069,242,7,8,1167.1
sliding_5,0.04,base,1.25,si,0.0682,264,5,8,1180.0
sliding_5,0.06,base,none,si,0.0667,248,5,8,1165.5
sliding_3,0.04,base,1.25,si,0.0659,239,6,8,1157.4
sliding_3,0.06,base+X[3.50-4.50),1.15,si,0.0649,227,4,8,1147.4
sliding_3,0.04,base,1.25,no,0.0644,320,6,8,1206.2
sliding_5,0.04,base+X[3.70-4.50),1.15,no,0.0642,327,4,8,1209.8
sliding_7,0.1,base+X[3.70-4.50),1.2,si,0.0638,183,4,8,1116.8
sliding_4,0.1,base+X[3.70-4.50),1.2,no,0.0637,176,3,8,1112.1
sliding_5,0.1,base+X[3.70-4.50),1.15,si,0.0636,107,3,8,1068.0
sliding_5,0.05,base,1.2,no,0.0635,279,5,8,1177.1
sliding_7,0.1,base,1.2,no,0.0633,169,5,8,1107.0
sliding_3,0.07,base,1.15,si,0.0632,142,6,8,1089.7
sliding_3,0.07,base+X[3.50-4.50),1.15,no,0.0632,233,5,8,1147.2
sliding_3,0.1,base+X[3.70-4.50),1.2,si,0.063,151,4,8,1095.2
sliding_5,0.06,base+X[3.70-4.50),1.15,no,0.0626,246,4,8,1154.1
sliding_5,0.05,base+X[3.70-4.50),none,si,0.0624,306,4,8,1190.9
sliding_5,0.04,base,1.2,no,0.062,315,5,8,1195.3
sliding_5,0.1,base,1.2,no,0.0619,162,7,8,1100.2
sliding_3,0.07,base+X[3.50-4.50),1.15,si,0.0615,204,4,8,1125.4
sliding_3,0.03,base,1.2,no,0.0613,312,6,8,1191.3
sliding_3,0.05,base+X[3.70-4.50),1.2,si,0.061,248,4,8,1151.4
sliding_3,0.04,base+X[3.50-4.50),1.25,si,0.0603,309,5,8,1186.4
sliding_5,0.1,base,1.25,si,0.0599,167,4,8,1100.0
expanding,0.05,base,1.2,no,0.0597,300,4,8,1179.2
sliding_9,0.05,base,1.2,no,0.0597,300,4,8,1179.2
sliding_5,0.04,base,1.15,si,0.0596,225,5,8,1134.1
sliding_5,0.04,base+X[3.70-4.50),1.2,si,0.0586,274,4,8,1160.6
sliding_4,0.06,solo_X[3.50-4.50),1.2,no,0.0585,117,5,8,1068.4
sliding_3,0.05,base+X[3.70-4.50),1.25,no,0.0583,376,5,8,1219.1
sliding_3,0.1,base+X[3.70-4.50),1.15,no,0.0582,112,3,8,1065.2
sliding_4,0.06,solo_X[3.50-4.50),none,si,0.0582,136,5,8,1079.2
sliding_3,0.1,base+X[3.70-4.50),1.15,si,0.0582,112,3,8,1065.2
sliding_5,0.07,base+X[3.70-4.50),1.2,no,0.058,296,5,8,1171.8
sliding_4,0.05,solo_X[3.50-4.50),1.2,si,0.058,121,4,8,1070.2
sliding_3,0.04,base,1.15,no,0.058,226,6,8,1131.0
sliding_3,0.05,base,1.15,si,0.0579,168,5,8,1097.3
sliding_3,0.05,base+X[3.50-4.50),1.2,no,0.0572,390,5,8,1222.9
sliding_3,0.06,base+X[3.70-4.50),1.15,no,0.0571,230,4,8,1131.4
sliding_5,0.07,base+X[3.70-4.50),none,si,0.0571,270,4,8,1154.2
sliding_5,0.06,base+X[3.70-4.50),1.2,si,0.0569,254,5,8,1144.6
sliding_3,0.05,base+X[3.50-4.50),1.15,si,0.0563,256,4,8,1144.1
sliding_3,0.1,base+X[3.70-4.50),none,si,0.056,190,5,8,1106.4
sliding_3,0.03,base+X[3.50-4.50),1.15,si,0.0552,321,4,8,1177.2
sliding_5,0.04,base+X[3.70-4.50),1.2,no,0.0552,413,4,8,1228.0
sliding_4,0.06,solo_X[3.50-4.50),none,no,0.0548,140,5,8,1076.7
sliding_3,0.06,base+X[3.70-4.50),none,si,0.0544,210,4,8,1114.2
sliding_5,0.05,base+X[3.70-4.50),1.15,no,0.0544,276,4,8,1150.1
sliding_9,0.05,base,1.2,si,0.0544,234,4,8,1127.2
sliding_3,0.04,base+X[3.50-4.50),1.15,no,0.0544,356,4,8,1193.7
expanding,0.05,base,1.2,si,0.0544,234,4,8,1127.2
sliding_3,0.06,base+X[3.70-4.50),1.2,no,0.0543,299,5,8,1162.5
sliding_3,0.1,base,1.25,si,0.0543,154,4,8,1083.6
sliding_4,0.05,solo_X[3.50-4.50),1.2,no,0.0542,125,4,8,1067.7
sliding_3,0.06,base+X[3.50-4.50),1.2,no,0.0542,353,5,8,1191.5
sliding_4,0.03,solo_X[3.50-4.50),none,si,0.0538,157,4,8,1084.5
expanding,0.06,base,1.2,no,0.0537,270,5,8,1144.9
sliding_9,0.06,base,1.2,no,0.0537,270,5,8,1144.9
sliding_3,0.05,base+X[3.70-4.50),none,no,0.0537,451,5,8,1242.0
sliding_5,0.07,base+X[3.70-4.50),1.2,si,0.0536,218,4,8,1116.9
sliding_3,0.03,base,1.25,no,0.0535,354,6,8,1189.5
expanding,0.1,base+X[3.70-4.50),1.2,no,0.0534,203,4,8,1108.4
sliding_5,0.05,base+X[3.70-4.50),1.15,si,0.0534,209,4,8,1111.6
sliding_4,0.06,solo_X[3.50-4.50),1.2,si,0.0534,114,5,8,1060.9
sliding_9,0.1,base+X[3.70-4.50),1.2,no,0.0534,203,4,8,1108.4
sliding_5,0.07,base,none,si,0.0532,232,5,8,1123.4
sliding_3,0.1,base+X[3.70-4.50),1.2,no,0.0532,181,5,8,1096.3
sliding_3,0.06,base,1.15,si,0.0531,152,5,8,1080.7
sliding_3,0.06,base+X[3.70-4.50),1.25,si,0.053,240,5,8,1127.1
sliding_4,0.05,solo_X[3.50-4.50),none,si,0.0529,137,5,8,1072.5
sliding_3,0.05,base+X[3.50-4.50),1.25,no,0.0522,439,5,8,1229.1
sliding_3,0.05,solo_X[3.50-4.50),1.15,no,0.052,108,5,8,1056.2
sliding_5,0.06,base+X[3.70-4.50),1.2,no,0.0519,332,5,8,1172.3
sliding_9,0.04,base,1.2,si,0.0518,271,5,8,1140.5
expanding,0.04,base,1.2,si,0.0518,271,5,8,1140.5
sliding_7,0.1,base+X[3.70-4.50),1.2,no,0.0517,209,4,8,1108.0
sliding_4,0.03,solo_X[3.50-4.50),1.2,si,0.0516,138,4,8,1071.2
sliding_4,0.05,solo_X[3.50-4.50),none,no,0.0514,148,5,8,1076.0
sliding_3,0.04,base+X[3.50-4.50),1.15,si,0.0513,294,4,8,1150.7
sliding_5,0.1,base+X[3.50-4.50),1.2,no,0.0513,217,5,8,1111.3
sliding_3,0.04,base+X[3.70-4.50),1.25,si,0.0512,262,5,8,1134.2
sliding_3,0.1,base+X[3.70-4.50),1.25,si,0.0507,166,4,8,1084.2
sliding_3,0.06,base+X[3.70-4.50),1.15,si,0.0503,205,4,8,1103.1
sliding_3,0.03,base,1.2,si,0.05,235,5,8,1117.5
sliding_3,0.1,base+X[3.50-4.50),1.15,si,0.0498,123,3,8,1061.2
sliding_3,0.05,base+X[3.70-4.50),1.25,si,0.0496,276,5,8,1137.0
sliding_3,0.06,base+X[3.50-4.50),1.25,no,0.0492,402,5,8,1197.7
sliding_9,0.1,base,1.25,si,0.0491,191,4,8,1093.7
expanding,0.1,base,1.25,si,0.0491,191,4,8,1093.7
sliding_5,0.05,base,none,si,0.049,260,4,8,1127.5
sliding_5,0.06,base,1.25,no,0.0487,308,5,8,1150.0
sliding_7,0.05,base,1.15,si,0.0483,189,5,8,1091.3
sliding_3,0.04,solo_X[3.50-4.50),1.15,no,0.0482,130,5,8,1062.7
sliding_9,0.1,base,1.25,no,0.0475,228,4,8,1108.3
expanding,0.1,base,1.25,no,0.0475,228,4,8,1108.3
expanding,0.04,base,1.2,no,0.0468,330,5,8,1154.6
sliding_9,0.04,base,1.2,no,0.0468,330,5,8,1154.6
sliding_5,0.05,base+X[3.70-4.50),1.2,no,0.0465,362,5,8,1168.3
sliding_5,0.06,base+X[3.70-4.50),1.25,si,0.0462,237,4,8,1109.6
sliding_3,0.07,base+X[3.50-4.50),1.2,no,0.046,316,5,8,1145.3
sliding_7,0.07,base,1.2,si,0.0458,194,4,8,1088.9
sliding_5,0.04,base+X[3.70-4.50),1.25,si,0.0457,258,4,8,1118.0
expanding,0.07,base,1.2,no,0.0456,244,5,8,1111.2
sliding_9,0.07,base,1.2,no,0.0456,244,5,8,1111.2
expanding,0.06,base,1.2,si,0.0449,219,5,8,1098.3
sliding_3,0.06,base,none,no,0.0449,338,6,8,1151.8
sliding_4,0.04,solo_X[3.50-4.50),1.2,no,0.0449,148,4,8,1066.5
sliding_9,0.06,base,1.2,si,0.0449,219,5,8,1098.3
sliding_3,0.07,base+X[3.70-4.50),none,si,0.0449,251,5,8,1112.6
sliding_7,0.04,base,1.15,si,0.0446,218,5,8,1097.2
sliding_7,0.04,base,1.25,si,0.0442,276,5,8,1122.1
sliding_7,0.05,base,1.2,no,0.0442,295,4,8,1130.4
sliding_3,0.06,base+X[3.70-4.50),1.25,no,0.0441,346,5,8,1152.7
sliding_3,0.07,base+X[3.50-4.50),1.2,si,0.044,244,4,8,1107.4
sliding_3,0.05,base,none,no,0.044,362,5,8,1159.4
sliding_3,0.03,base,1.15,no,0.044,260,5,8,1114.3
sliding_3,0.07,base,none,si,0.0439,231,6,8,1101.5
sliding_3,0.04,base+X[3.50-4.50),1.2,no,0.0437,439,5,8,1191.8
sliding_4,0.04,solo_X[3.50-4.50),none,no,0.0437,171,4,8,1074.8
sliding_7,0.03,base,1.2,si,0.0435,251,4,8,1109.2
sliding_5,0.07,base,1.25,no,0.0435,279,4,8,1121.5
sliding_3,0.04,base+X[3.70-4.50),1.2,no,0.0433,371,4,8,1160.8
sliding_4,0.05,base+X[3.50-4.50),1.2,si,0.0432,252,3,8,1108.9
sliding_3,0.04,base+X[3.70-4.50),1.15,no,0.0429,302,4,8,1129.7
sliding_3,0.04,base,1.15,si,0.0425,185,5,8,1078.7
sliding_7,0.06,base,1.2,no,0.0417,267,5,8,1111.3
sliding_3,0.06,base+X[3.70-4.50),none,no,0.0417,421,4,8,1175.6
sliding_3,0.07,base+X[3.50-4.50),1.25,no,0.0415,365,5,8,1151.5
sliding_3,0.06,base+X[3.70-4.50),1.2,si,0.0413,228,5,8,1094.2
sliding_3,0.04,base+X[3.50-4.50),1.25,no,0.0406,488,5,8,1198.0
sliding_3,0.07,base+X[3.70-4.50),1.2,no,0.0401,270,5,8,1108.3
sliding_5,0.03,base,1.2,si,0.0396,263,5,8,1104.1
sliding_5,0.04,base+X[3.70-4.50),1.15,si,0.0394,230,4,8,1090.6
sliding_5,0.07,base+X[3.50-4.50),1.15,no,0.0391,234,5,8,1091.6
sliding_5,0.1,base+X[3.50-4.50),1.15,si,0.0389,113,3,8,1044.0
sliding_3,0.07,base,none,no,0.0389,318,6,8,1123.6
sliding_3,0.07,base+X[3.70-4.50),1.15,no,0.0384,201,4,8,1077.2
sliding_5,0.1,base+X[3.70-4.50),1.25,no,0.0382,255,4,8,1097.4
sliding_7,0.04,base,1.2,no,0.038,319,5,8,1121.2
sliding_3,0.07,base+X[3.70-4.50),1.15,si,0.038,187,4,8,1071.1
sliding_3,0.1,base+X[3.70-4.50),1.25,no,0.0379,228,5,8,1086.5
sliding_3,0.05,base+X[3.50-4.50),none,no,0.0377,523,5,8,1197.0
sliding_4,0.03,solo_X[3.50-4.50),1.25,si,0.0373,148,4,8,1055.2
sliding_3,0.1,base+X[3.50-4.50),1.15,no,0.0369,128,3,8,1047.2
sliding_3,0.07,base+X[3.50-4.50),1.25,si,0.0367,284,5,8,1104.3
sliding_5,0.04,base,1.25,no,0.0365,365,5,8,1133.4
sliding_3,0.04,base+X[3.70-4.50),1.25,no,0.0361,418,5,8,1151.0
sliding_3,0.1,base+X[3.70-4.50),none,no,0.0361,303,5,8,1109.4
sliding_3,0.05,base+X[3.70-4.50),none,si,0.0357,261,3,8,1093.1
sliding_5,0.03,base+X[3.70-4.50),1.15,no,0.0353,374,4,8,1131.9
sliding_3,0.04,base+X[3.70-4.50),none,no,0.0353,493,4,8,1173.9
sliding_3,0.1,base,none,si,0.0352,189,4,8,1066.5
sliding_4,0.04,solo_X[3.50-4.50),1.2,si,0.0352,134,3,8,1047.2
sliding_3,0.07,base+X[3.70-4.50),1.2,si,0.0351,210,5,8,1073.7
sliding_5,0.05,base,1.25,no,0.035,329,5,8,1115.2
sliding_3,0.04,base+X[3.70-4.50),none,si,0.0349,234,3,8,1081.6
sliding_3,0.03,base,1.25,si,0.0346,259,5,8,1089.5
sliding_5,0.04,base+X[3.50-4.50),1.15,no,0.0342,371,4,8,1126.8
sliding_3,0.06,solo_X[3.50-4.50),1.15,si,0.0341,95,5,8,1032.4
sliding_3,0.06,base+X[3.50-4.50),none,no,0.0341,486,5,8,1165.6
sliding_3,0.06,solo_X[3.50-4.50),1.15,no,0.0341,95,5,8,1032.4
sliding_6,0.1,base,1.2,si,0.034,134,6,8,1045.6
expanding,0.04,base,1.25,si,0.0339,276,5,8,1093.5
sliding_9,0.04,base,1.25,si,0.0339,276,5,8,1093.5
sliding_4,0.05,solo_X[3.50-4.50),1.25,si,0.0338,128,4,8,1043.2
sliding_4,0.07,solo_X[3.50-4.50),none,no,0.0338,128,5,8,1043.2
sliding_5,0.05,base+X[3.50-4.50),1.15,si,0.0337,248,5,8,1083.6
sliding_5,0.03,base,1.2,no,0.0335,350,5,8,1117.4
sliding_7,0.1,base,1.15,no,0.0332,88,4,8,1029.2
sliding_4,0.07,solo_X[3.50-4.50),1.2,no,0.0332,105,5,8,1034.9
sliding_7,0.1,base,1.15,si,0.0332,88,4,8,1029.2
sliding_6,0.04,base,1.2,si,0.0327,261,5,8,1085.4
sliding_5,0.03,base+X[3.70-4.50),1.2,no,0.0326,460,6,8,1150.1
sliding_7,0.04,base,none,si,0.0325,284,4,8,1092.2
sliding_5,0.1,base+X[3.70-4.50),none,no,0.0322,329,4,8,1106.0
sliding_5,0.06,base+X[3.50-4.50),1.15,no,0.0322,274,5,8,1088.1
sliding_5,0.03,base,1.15,no,0.0322,277,5,8,1089.2
sliding_3,0.06,base,none,si,0.0315,219,5,8,1069.0
sliding_9,0.07,base,1.2,si,0.0314,194,4,8,1060.9
expanding,0.07,base,1.2,si,0.0314,194,4,8,1060.9
sliding_3,0.04,base,none,no,0.0313,389,5,8,1121.8
sliding_3,0.07,base+X[3.70-4.50),1.25,no,0.0311,317,4,8,1098.5
sliding_5,0.07,base+X[3.50-4.50),1.2,si,0.0311,256,5,8,1079.7
sliding_3,0.1,base+X[3.50-4.50),1.25,si,0.0311,186,4,8,1057.9
sliding_3,0.07,base+X[3.70-4.50),none,no,0.031,392,4,8,1121.4
sliding_9,0.1,base+X[3.50-4.50),1.2,si,0.0308,194,4,8,1059.7
sliding_3,0.05,base,none,si,0.0308,228,4,8,1070.3
expanding,0.1,base+X[3.50-4.50),1.2,si,0.0308,194,4,8,1059.7
sliding_3,0.03,base+X[3.50-4.50),1.15,no,0.0305,406,4,8,1124.0
sliding_5,0.1,base+X[3.70-4.50),none,si,0.0302,164,4,8,1049.6
sliding_9,0.04,base,none,si,0.0302,284,4,8,1085.7
expanding,0.04,base,none,si,0.0302,284,4,8,1085.7
expanding,0.05,base,1.25,no,0.0297,352,5,8,1104.6
sliding_9,0.05,base,1.25,no,0.0297,352,5,8,1104.6
sliding_3,0.04,base,none,si,0.0296,238,4,8,1070.4
sliding_7,0.1,base+X[3.70-4.50),1.15,no,0.0292,112,2,8,1032.7
sliding_7,0.1,base+X[3.70-4.50),1.15,si,0.0292,112,2,8,1032.7
sliding_3,0.04,base+X[3.50-4.50),none,no,0.029,572,5,8,1165.9
sliding_3,0.1,base,none,no,0.0289,257,5,8,1074.4
sliding_4,0.1,base+X[3.70-4.50),1.25,no,0.0286,226,3,8,1064.7
sliding_5,0.1,base+X[3.50-4.50),1.25,si,0.0286,191,4,8,1054.6
sliding_7,0.05,base,1.25,si,0.0283,242,4,8,1068.5
sliding_3,0.05,solo_X[3.50-4.50),1.15,si,0.0282,107,5,8,1030.2
sliding_3,0.07,base+X[3.70-4.50),1.25,si,0.0281,258,4,8,1072.5
sliding_4,0.1,base+X[3.50-4.50),1.2,no,0.0281,189,3,8,1053.1
sliding_5,0.07,base+X[3.70-4.50),1.25,si,0.0278,246,3,8,1068.5
sliding_7,0.1,base,1.25,si,0.0276,178,3,8,1049.1
sliding_4,0.07,solo_X[3.50-4.50),none,si,0.0275,110,5,8,1030.2
sliding_6,0.04,base,none,si,0.0275,277,4,8,1076.3
sliding_3,0.05,base+X[3.70-4.50),1.15,si,0.0274,206,4,8,1056.5
sliding_3,0.1,base+X[3.50-4.50),1.2,si,0.0273,172,4,8,1046.9
sliding_5,0.04,base+X[3.70-4.50),1.25,no,0.027,467,4,8,1126.1
sliding_3,0.07,base+X[3.50-4.50),none,no,0.0266,449,5,8,1119.4
sliding_4,0.06,solo_X[3.50-4.50),1.25,no,0.0251,129,4,8,1032.4
sliding_3,0.03,base+X[3.50-4.50),1.2,no,0.025,489,4,8,1122.1
sliding_9,0.1,base,none,no,0.0249,297,4,8,1074.1
sliding_5,0.04,base+X[3.70-4.50),none,no,0.0249,541,4,8,1134.7
expanding,0.1,base,none,no,0.0249,297,4,8,1074.1
sliding_3,0.03,base,none,no,0.0248,423,4,8,1105.1
sliding_7,0.05,base,1.15,no,0.0246,214,5,8,1052.6
sliding_5,0.06,base+X[3.50-4.50),none,si,0.0246,212,3,8,1052.1
sliding_6,0.04,base,1.25,si,0.0244,270,5,8,1066.0
sliding_5,0.05,base+X[3.70-4.50),1.25,si,0.0242,278,4,8,1067.3
sliding_3,0.04,solo_X[3.50-4.50),none,no,0.0241,183,4,8,1044.1
sliding_4,0.1,base+X[3.70-4.50),none,no,0.0239,284,4,8,1067.8
sliding_3,0.03,base+X[3.50-4.50),1.25,no,0.0238,538,5,8,1128.3
sliding_6,0.06,base,1.2,si,0.0238,209,5,8,1049.7
sliding_9,0.05,base+X[3.70-4.50),1.2,no,0.0237,358,4,8,1084.8
expanding,0.05,base+X[3.70-4.50),1.2,no,0.0237,358,4,8,1084.8
sliding_3,0.05,solo_X[3.50-4.50),none,no,0.0234,161,5,8,1037.6
sliding_5,0.06,base+X[3.50-4.50),1.2,si,0.0233,281,5,8,1065.6
sliding_4,0.05,solo_X[3.50-4.50),1.25,no,0.0231,137,4,8,1031.7
sliding_4,0.06,base+X[3.50-4.50),1.2,si,0.0229,254,3,8,1058.2
sliding_4,0.05,base+X[3.70-4.50),1.2,si,0.0228,265,3,8,1060.3
sliding_5,0.07,base+X[3.50-4.50),none,si,0.0227,291,4,8,1066.2
sliding_3,0.04,base+X[3.70-4.50),1.15,si,0.0224,229,4,8,1051.4
expanding,0.06,base,1.25,no,0.0218,322,4,8,1070.3
sliding_4,0.03,solo_X[3.50-4.50),none,no,0.0218,196,4,8,1042.8
sliding_5,0.05,base+X[3.50-4.50),1.2,si,0.0218,304,5,8,1066.2
sliding_9,0.06,base,1.25,no,0.0218,322,4,8,1070.3
sliding_3,0.1,base+X[3.50-4.50),1.2,no,0.0215,211,5,8,1045.3
sliding_7,0.06,base,1.15,si,0.0211,167,5,8,1035.2
sliding_4,0.04,base+X[3.70-4.50),1.2,no,0.0209,385,3,8,1080.4
sliding_9,0.04,base,1.25,no,0.0209,382,5,8,1080.0
expanding,0.04,base,1.25,no,0.0209,382,5,8,1080.0
sliding_5,0.04,base+X[3.50-4.50),1.2,no,0.0206,462,5,8,1095.0
sliding_3,0.03,base+X[3.70-4.50),1.2,no,0.0205,411,4,8,1084.1
sliding_5,0.1,solo_X[3.50-4.50),1.2,si,0.0202,55,4,8,1011.1
sliding_5,0.1,solo_X[3.50-4.50),1.2,no,0.0202,55,4,8,1011.1
sliding_5,0.07,base+X[3.70-4.50),1.25,no,0.02,350,3,8,1069.9
sliding_4,0.03,solo_X[3.50-4.50),1.2,no,0.0199,173,4,8,1034.5
expanding,0.1,base,1.15,si,0.0198,101,4,8,1020.0
sliding_9,0.1,base,1.15,si,0.0198,101,4,8,1020.0
sliding_3,0.1,base+X[3.50-4.50),1.25,no,0.0198,260,5,8,1051.5
sliding_5,0.03,base+X[3.70-4.50),none,si,0.0193,351,4,8,1067.6
sliding_3,0.03,base+X[3.50-4.50),1.25,si,0.0192,383,4,8,1073.5
sliding_5,0.05,base+X[3.50-4.50),1.15,no,0.0191,310,5,8,1059.1
sliding_4,0.04,solo_X[3.50-4.50),1.25,no,0.0191,160,3,8,1030.5
sliding_5,0.07,base+X[3.70-4.50),none,no,0.0185,424,3,8,1078.5
sliding_3,0.07,solo_X[3.50-4.50),1.15,no,0.0185,78,5,8,1014.4
sliding_3,0.07,solo_X[3.50-4.50),1.15,si,0.0185,78,5,8,1014.4
sliding_5,0.07,base+X[3.50-4.50),1.2,no,0.0184,325,5,8,1059.8
sliding_9,0.03,base,1.2,si,0.0184,251,4,8,1046.1
expanding,0.03,base,1.2,si,0.0184,251,4,8,1046.1
sliding_4,0.06,base+X[3.50-4.50),none,si,0.0183,213,2,8,1038.9
sliding_3,0.03,base+X[3.70-4.50),none,no,0.0182,533,4,8,1097.2
sliding_7,0.04,base,1.15,no,0.0182,238,5,8,1043.4
sliding_5,0.06,base+X[3.70-4.50),1.25,no,0.0182,386,5,8,1070.4
sliding_5,0.1,base,1.25,no,0.0181,212,4,8,1038.3
sliding_5,0.03,base,1.25,si,0.0181,270,4,8,1048.9
sliding_7,0.06,base,1.15,no,0.018,186,5,8,1033.5
sliding_4,0.04,solo_X[3.50-4.50),none,si,0.0178,149,4,8,1026.5
sliding_4,0.05,base+X[3.70-4.50),1.2,no,0.0178,350,4,8,1062.3
sliding_9,0.05,base,1.25,si,0.0175,242,4,8,1042.3
expanding,0.05,base,1.25,si,0.0175,242,4,8,1042.3
sliding_5,0.06,base+X[3.70-4.50),none,no,0.0172,460,4,8,1079.0
sliding_4,0.07,solo_X[3.50-4.50),1.2,si,0.0169,103,5,8,1017.4
sliding_5,0.04,base,none,si,0.0167,259,3,8,1043.3
expanding,0.05,base,none,no,0.0167,421,5,8,1070.4
sliding_9,0.05,base,none,no,0.0167,421,5,8,1070.4
sliding_6,0.06,base,1.2,no,0.0166,249,5,8,1041.4
sliding_5,0.03,base,1.15,si,0.0165,254,4,8,1041.9
sliding_3,0.03,base+X[3.70-4.50),1.25,no,0.0162,458,4,8,1074.3
sliding_7,0.07,base,1.2,no,0.0162,243,5,8,1039.4
sliding_5,0.05,base+X[3.70-4.50),1.25,no,0.016,416,5,8,1066.4
sliding_4,0.05,base+X[3.50-4.50),1.15,si,0.0158,253,3,8,1040.1
sliding_7,0.05,base,1.25,no,0.0157,348,5,8,1054.6
sliding_3,0.03,base,1.15,si,0.0157,207,4,8,1032.4
sliding_3,0.03,base+X[3.70-4.50),1.15,no,0.0155,342,3,8,1053.0
sliding_6,0.04,base,1.2,no,0.0155,301,5,8,1046.8
sliding_3,0.03,base+X[3.50-4.50),none,no,0.0155,622,4,8,1096.2
sliding_5,0.06,base+X[3.50-4.50),1.2,no,0.0154,365,5,8,1056.3
sliding_5,0.05,base+X[3.70-4.50),none,no,0.0153,490,4,8,1075.0
sliding_5,0.03,base+X[3.50-4.50),1.15,no,0.0152,427,5,8,1064.9
sliding_5,0.1,base,none,si,0.0151,194,4,8,1029.2
sliding_5,0.06,base,none,no,0.0148,376,4,8,1055.8
expanding,0.04,base,1.15,si,0.0148,215,5,8,1031.8
sliding_9,0.04,base,1.15,si,0.0148,215,5,8,1031.8
sliding_5,0.04,base+X[3.50-4.50),1.2,si,0.0143,312,4,8,1044.6
sliding_7,0.1,base,1.25,no,0.0141,222,3,8,1031.2
sliding_5,0.03,base,1.25,no,0.0139,400,5,8,1055.5
sliding_4,0.06,base+X[3.70-4.50),1.2,si,0.0133,234,3,8,1031.2
sliding_4,0.06,solo_X[3.50-4.50),1.15,no,0.0129,94,4,8,1012.1
sliding_6,0.05,base,1.2,si,0.0128,222,4,8,1028.4
sliding_9,0.07,base,1.25,no,0.0124,296,3,8,1036.6
expanding,0.07,base,1.25,no,0.0124,296,3,8,1036.6
sliding_7,0.04,base,1.25,no,0.0122,372,5,8,1045.4
sliding_4,0.06,base+X[3.50-4.50),1.15,si,0.0122,206,3,8,1025.2
sliding_4,0.04,base+X[3.50-4.50),1.2,no,0.0118,434,3,8,1051.4
sliding_7,0.06,base,1.25,si,0.0118,217,3,8,1025.5
sliding_9,0.03,base,1.2,no,0.0116,363,4,8,1042.0
expanding,0.03,base,1.2,no,0.0116,363,4,8,1042.0
sliding_3,0.05,solo_X[3.50-4.50),1.25,si,0.0116,132,4,8,1015.3
sliding_4,0.06,solo_X[3.50-4.50),1.25,si,0.0113,123,4,8,1013.9
expanding,0.1,base+X[3.50-4.50),1.2,no,0.0113,215,4,8,1024.4
sliding_9,0.1,base+X[3.50-4.50),1.2,no,0.0113,215,4,8,1024.4
sliding_4,0.05,solo_X[3.50-4.50),1.15,no,0.0112,102,4,8,1011.4
sliding_7,0.05,base+X[3.70-4.50),1.2,no,0.0111,377,4,8,1042.0
sliding_7,0.06,base,none,si,0.0111,235,4,8,1026.2
sliding_7,0.06,base,1.25,no,0.0111,320,4,8,1035.5
sliding_6,0.04,base+X[3.70-4.50),none,si,0.011,257,2,8,1028.2
expanding,0.1,base+X[3.70-4.50),1.25,si,0.011,198,3,8,1021.7
sliding_9,0.1,base+X[3.70-4.50),1.25,si,0.011,198,3,8,1021.7
sliding_5,0.06,base+X[3.50-4.50),1.25,si,0.0105,258,4,8,1027.1
sliding_6,0.04,base,1.15,si,0.0104,212,5,8,1022.0
sliding_9,0.04,base,none,no,0.0102,451,5,8,1045.8
expanding,0.04,base,none,no,0.0102,451,5,8,1045.8
sliding_4,0.06,base+X[3.50-4.50),1.25,si,0.0098,195,2,8,1019.1
sliding_3,0.06,base+X[3.50-4.50),none,si,0.0097,235,4,8,1022.8
sliding_5,0.03,base+X[3.70-4.50),none,no,0.0097,588,4,8,1056.8
sliding_7,0.05,base,none,si,0.0096,250,3,8,1024.1
sliding_5,0.03,base+X[3.70-4.50),1.25,no,0.0094,514,3,8,1048.2
sliding_3,0.06,solo_X[3.50-4.50),none,no,0.0093,148,5,8,1013.8
expanding,0.06,base,none,no,0.0092,391,5,8,1036.1
sliding_9,0.06,base,none,no,0.0092,391,5,8,1036.1
sliding_4,0.1,base+X[3.70-4.50),none,si,0.0091,187,4,8,1017.0
sliding_5,0.04,base,none,no,0.0091,433,5,8,1039.2
expanding,0.1,base,1.15,no,0.009,105,4,8,1009.5
sliding_9,0.1,base,1.15,no,0.009,105,4,8,1009.5
sliding_6,0.06,base+X[3.70-4.50),none,si,0.0088,227,2,8,1019.9
sliding_7,0.1,base+X[3.50-4.50),1.2,si,0.0088,186,4,8,1016.3
sliding_4,0.04,solo_X[3.50-4.50),1.15,no,0.0082,125,4,8,1010.2
sliding_3,0.05,base+X[3.50-4.50),1.2,si,0.008,268,4,8,1021.5
sliding_5,0.07,base,none,no,0.0079,347,4,8,1027.3
sliding_5,0.07,base+X[3.50-4.50),1.25,si,0.0078,267,4,8,1020.8
sliding_4,0.04,base+X[3.70-4.50),1.25,no,0.0076,435,4,8,1033.0
expanding,0.06,base+X[3.70-4.50),1.2,no,0.0074,322,4,8,1023.9
sliding_9,0.06,base+X[3.70-4.50),1.2,no,0.0074,322,4,8,1023.9
sliding_7,0.1,base+X[3.50-4.50),1.15,no,0.0074,118,2,8,1008.7
sliding_4,0.04,base+X[3.70-4.50),none,no,0.0073,493,3,8,1036.1
sliding_7,0.1,base+X[3.70-4.50),none,no,0.007,339,4,8,1023.6
sliding_9,0.05,base,none,si,0.007,250,3,8,1017.6
sliding_4,0.05,base+X[3.50-4.50),1.2,no,0.007,389,3,8,1027.3
expanding,0.05,base,none,si,0.007,250,3,8,1017.6
sliding_5,0.1,base+X[3.50-4.50),none,no,0.0069,348,4,8,1024.0
sliding_5,0.05,base+X[3.50-4.50),1.2,no,0.0068,401,5,8,1027.3
sliding_6,0.1,base+X[3.70-4.50),1.2,si,0.0068,161,3,8,1010.9
sliding_4,0.04,base+X[3.50-4.50),1.25,si,0.0066,224,2,8,1014.7
sliding_3,0.03,solo_X[3.50-4.50),1.15,no,0.0066,146,5,8,1009.7
sliding_5,0.03,base+X[3.50-4.50),1.2,no,0.0064,518,4,8,1033.1
sliding_3,0.04,base+X[3.70-4.50),1.2,si,0.0061,252,2,8,1015.4
sliding_3,0.1,base+X[3.50-4.50),none,no,0.0056,344,5,8,1019.4
sliding_5,0.05,base,none,no,0.0053,397,5,8,1021.0
sliding_4,0.04,base+X[3.70-4.50),1.2,si,0.0051,272,3,8,1014.0
sliding_7,0.1,base,none,si,0.005,193,3,8,1009.6
sliding_3,0.03,base+X[3.70-4.50),1.25,si,0.0048,325,3,8,1015.5
sliding_7,0.1,base+X[3.70-4.50),1.25,no,0.0046,264,3,8,1012.2
sliding_4,0.03,solo_X[3.50-4.50),1.15,si,0.0046,128,4,8,1005.9
sliding_4,0.06,base+X[3.70-4.50),none,si,0.0044,235,2,8,1010.4
sliding_6,0.05,base+X[3.70-4.50),none,si,0.0044,279,2,8,1012.2
sliding_5,0.1,base+X[3.50-4.50),none,si,0.0041,174,4,8,1007.1
sliding_6,0.1,base,1.2,no,0.0041,147,5,8,1006.1
sliding_4,0.05,base+X[3.70-4.50),none,no,0.0039,458,2,8,1018.0
expanding,0.1,base+X[3.70-4.50),none,no,0.0039,331,4,8,1012.9
sliding_9,0.1,base+X[3.70-4.50),none,no,0.0039,331,4,8,1012.9
sliding_3,0.03,base,none,si,0.0037,256,3,8,1009.5
sliding_4,0.05,base+X[3.70-4.50),1.25,no,0.0037,400,4,8,1014.9
sliding_5,0.1,base+X[3.50-4.50),1.25,no,0.0035,271,4,8,1009.4
sliding_4,0.1,base+X[3.50-4.50),none,si,0.0034,181,4,8,1006.2
sliding_6,0.07,base,1.2,no,0.0033,220,6,8,1007.2
sliding_4,0.1,base+X[3.50-4.50),none,no,0.0032,304,4,8,1009.8
sliding_4,0.1,base,none,si,0.0032,177,5,8,1005.7
sliding_7,0.05,base,none,no,0.003,420,5,8,1012.7
sliding_9,0.05,base,1.15,no,0.0025,229,5,8,1005.8
expanding,0.05,base,1.15,no,0.0025,229,5,8,1005.8
sliding_4,0.05,base+X[3.50-4.50),none,si,0.0021,272,2,8,1005.7
sliding_7,0.1,base+X[3.50-4.50),1.2,no,0.0018,223,4,8,1004.0
sliding_6,0.05,base,1.2,no,0.0018,276,4,8,1005.1
sliding_4,0.06,base+X[3.70-4.50),1.2,no,0.0016,311,4,8,1004.9
expanding,0.05,base,1.15,si,0.0016,182,5,8,1002.9
sliding_9,0.05,base,1.15,si,0.0016,182,5,8,1002.9
expanding,0.1,base+X[3.70-4.50),1.25,no,0.0015,258,3,8,1003.8
sliding_9,0.1,base+X[3.70-4.50),1.25,no,0.0015,258,3,8,1003.8
sliding_6,0.05,base,1.15,si,0.0015,177,5,8,1002.7
sliding_4,0.04,base+X[3.50-4.50),none,no,0.0015,549,2,8,1008.1
sliding_5,0.04,base+X[3.50-4.50),none,no,0.0013,593,4,8,1007.7
sliding_4,0.05,base,1.2,si,0.0012,200,3,8,1002.4
sliding_3,0.05,base+X[3.50-4.50),1.25,si,0.001,290,4,8,1002.8
sliding_7,0.04,base,none,no,0.0008,444,5,8,1003.5
sliding_7,0.03,base,1.2,no,0.0007,351,4,8,1002.6
expanding,0.07,base,none,no,0.0007,365,5,8,1002.4
sliding_9,0.07,base,none,no,0.0007,365,5,8,1002.4
sliding_7,0.05,base+X[3.70-4.50),1.2,si,0.0004,257,3,8,1000.9
sliding_4,0.1,base+X[3.70-4.50),1.2,si,0.0002,151,3,8,1000.3
sliding_6,0.06,base,none,si,-0.0001,228,4,8,999.7
sliding_7,0.1,base+X[3.70-4.50),none,si,-0.0003,192,3,8,999.4
sliding_3,0.03,base+X[3.70-4.50),none,si,-0.0004,297,3,8,998.7
sliding_4,0.04,base+X[3.50-4.50),1.2,si,-0.0006,247,3,8,998.4
sliding_4,0.03,solo_X[3.50-4.50),1.25,no,-0.0008,185,4,8,998.5
sliding_9,0.06,base,none,si,-0.0008,235,4,8,998.2
expanding,0.06,base,none,si,-0.0008,235,4,8,998.2
sliding_4,0.07,solo_X[3.50-4.50),1.25,no,-0.0009,117,5,8,998.9
sliding_7,0.07,base,1.25,si,-0.0012,201,3,8,997.6
sliding_4,0.07,base,none,si,-0.0013,203,3,8,997.4
sliding_5,0.04,base+X[3.50-4.50),1.25,no,-0.0013,516,5,8,993.1
sliding_5,0.03,base+X[3.70-4.50),1.15,si,-0.0016,257,3,8,996.0
sliding_7,0.06,base,none,no,-0.0016,392,4,8,993.6
sliding_6,0.04,base+X[3.50-4.50),none,si,-0.0019,277,2,8,994.7
sliding_4,0.04,solo_X[3.50-4.50),1.25,si,-0.002,140,3,8,997.2
sliding_9,0.1,base,none,si,-0.0021,193,3,8,996.0
expanding,0.1,base,none,si,-0.0021,193,3,8,996.0
sliding_9,0.07,base,1.25,si,-0.0021,201,3,8,995.8
sliding_4,0.07,base,1.25,si,-0.0021,203,4,8,995.7
expanding,0.07,base,1.25,si,-0.0021,201,3,8,995.8
expanding,0.05,base+X[3.70-4.50),none,no,-0.0022,486,3,8,989.3
sliding_9,0.05,base+X[3.70-4.50),none,no,-0.0022,486,3,8,989.3
sliding_6,0.05,base,1.25,si,-0.0026,234,4,8,994.0
sliding_3,0.07,solo_X[3.50-4.50),none,no,-0.0032,131,5,8,995.8
sliding_4,0.05,base+X[3.50-4.50),none,no,-0.0032,504,3,8,984.0
sliding_4,0.04,base+X[3.50-4.50),1.25,no,-0.0033,486,3,8,984.0
sliding_7,0.06,base+X[3.70-4.50),1.2,no,-0.0034,340,4,8,988.3
sliding_7,0.1,base,none,no,-0.0036,294,3,8,989.3
sliding_5,0.05,base+X[3.50-4.50),none,si,-0.0038,265,3,8,990.0
sliding_6,0.05,base,none,si,-0.0042,241,3,8,989.8
sliding_3,0.03,solo_X[3.50-4.50),none,no,-0.0045,199,3,8,991.1
sliding_5,0.03,solo_X[3.50-4.50),none,si,-0.0045,141,3,8,993.7
sliding_4,0.03,base+X[3.50-4.50),1.2,no,-0.0046,485,3,8,977.7
expanding,0.05,base+X[3.70-4.50),1.25,no,-0.0048,413,5,8,980.2
sliding_9,0.05,base+X[3.70-4.50),1.25,no,-0.0048,413,5,8,980.2
sliding_4,0.07,base+X[3.70-4.50),1.2,no,-0.0049,283,4,8,986.2
sliding_3,0.04,solo_X[3.50-4.50),1.25,no,-0.0049,168,4,8,991.8
sliding_3,0.07,solo_X[3.50-4.50),none,si,-0.0049,108,4,8,994.7
sliding_6,0.07,base,1.2,si,-0.0052,181,4,8,990.6
sliding_4,0.04,base,1.2,no,-0.0053,286,5,8,984.9
sliding_5,0.03,base,none,si,-0.0054,296,4,8,984.1
sliding_7,0.07,base,none,si,-0.0056,219,4,8,987.7
sliding_7,0.07,base,1.15,si,-0.0056,148,4,8,991.7
sliding_4,0.1,base+X[3.50-4.50),1.25,no,-0.0059,241,3,8,985.7
sliding_4,0.03,base+X[3.70-4.50),1.2,no,-0.006,425,4,8,974.7
sliding_5,0.07,base+X[3.50-4.50),none,no,-0.006,456,3,8,972.5
sliding_4,0.05,base+X[3.70-4.50),none,si,-0.0061,256,2,8,984.3
sliding_3,0.04,base+X[3.50-4.50),none,si,-0.0062,264,3,8,983.5
sliding_5,0.06,base+X[3.50-4.50),none,no,-0.0062,496,5,8,969.0
sliding_7,0.1,base+X[3.50-4.50),1.15,si,-0.0063,116,2,8,992.7
sliding_4,0.04,solo_X[3.50-4.50),1.15,si,-0.007,115,4,8,991.9
sliding_4,0.05,base,none,si,-0.0072,227,2,8,983.6
expanding,0.04,base,1.15,no,-0.0073,259,5,8,981.2
sliding_9,0.04,base,1.15,no,-0.0073,259,5,8,981.2
sliding_3,0.04,solo_X[3.50-4.50),none,si,-0.0074,142,4,8,989.5
sliding_9,0.07,base+X[3.70-4.50),1.2,no,-0.0075,289,4,8,978.2
expanding,0.07,base+X[3.70-4.50),1.2,no,-0.0075,289,4,8,978.2
sliding_5,0.03,base+X[3.70-4.50),1.2,si,-0.0075,295,3,8,977.8
sliding_6,0.03,base,1.2,si,-0.0075,244,4,8,981.6
sliding_4,0.06,base,1.2,si,-0.0076,178,3,8,986.5
sliding_4,0.04,base,none,si,-0.0076,239,2,8,981.8
expanding,0.03,base,1.25,no,-0.0079,415,4,8,967.4
sliding_9,0.07,base,none,si,-0.0079,219,4,8,982.6
sliding_9,0.03,base,1.25,no,-0.0079,415,4,8,967.4
expanding,0.07,base,none,si,-0.0079,219,4,8,982.6
sliding_5,0.03,base+X[3.70-4.50),1.25,si,-0.008,321,3,8,974.2
sliding_5,0.03,base,none,no,-0.0083,468,4,8,961.3
sliding_5,0.03,base+X[3.50-4.50),none,no,-0.0084,649,4,8,945.8
sliding_7,0.05,base+X[3.70-4.50),none,no,-0.0084,507,2,8,957.6
sliding_5,0.03,solo_X[3.50-4.50),none,no,-0.0086,181,3,8,984.5
sliding_4,0.03,base,none,si,-0.0088,251,3,8,977.8
sliding_6,0.04,base,1.25,no,-0.009,358,5,8,967.8
sliding_7,0.04,base+X[3.70-4.50),1.2,no,-0.0091,408,3,8,962.8
sliding_4,0.05,base+X[3.50-4.50),1.25,no,-0.0091,441,3,8,959.9
sliding_4,0.1,base+X[3.50-4.50),1.2,si,-0.0094,156,3,8,985.3
sliding_4,0.06,base+X[3.70-4.50),none,no,-0.0094,419,2,8,960.6
sliding_4,0.07,base,1.2,si,-0.0095,179,4,8,983.0
sliding_5,0.04,base+X[3.50-4.50),none,si,-0.0098,192,2,8,981.2
sliding_9,0.04,base+X[3.70-4.50),1.2,no,-0.01,398,2,8,960.2
expanding,0.04,base+X[3.70-4.50),1.2,no,-0.01,398,2,8,960.2
sliding_3,0.05,solo_X[3.50-4.50),1.25,no,-0.0101,146,4,8,985.3
sliding_3,0.04,solo_X[3.50-4.50),1.2,no,-0.0101,161,4,8,983.8
sliding_4,0.06,base+X[3.50-4.50),1.2,no,-0.0104,347,3,8,963.9
sliding_4,0.1,base,1.2,si,-0.0106,126,5,8,986.7
sliding_4,0.03,base+X[3.50-4.50),none,no,-0.0109,600,3,8,934.4
sliding_9,0.06,base,1.25,si,-0.0109,217,3,8,976.4
expanding,0.06,base,1.25,si,-0.0109,217,3,8,976.4
sliding_5,0.06,base+X[3.50-4.50),1.25,no,-0.0109,419,5,8,954.4
sliding_4,0.06,base,none,si,-0.011,208,3,8,977.1
sliding_5,0.07,base+X[3.50-4.50),1.25,no,-0.0111,379,5,8,957.9
sliding_5,0.05,base+X[3.50-4.50),none,no,-0.0113,532,5,8,940.0
sliding_4,0.06,base+X[3.70-4.50),1.25,no,-0.0118,361,4,8,957.5
sliding_7,0.05,base+X[3.70-4.50),1.15,no,-0.0119,280,4,8,966.7
sliding_5,0.03,base+X[3.50-4.50),1.25,no,-0.012,572,4,8,931.2
sliding_9,0.05,base+X[3.50-4.50),1.2,no,-0.0121,389,4,8,952.8
expanding,0.05,base+X[3.50-4.50),1.2,no,-0.0121,389,4,8,952.8
sliding_4,0.07,base+X[3.70-4.50),none,si,-0.0121,284,3,8,965.5
sliding_4,0.04,base,1.25,si,-0.0122,234,3,8,971.5
sliding_7,0.07,base,1.25,no,-0.0123,296,3,8,963.6
sliding_6,0.06,base,1.25,no,-0.0123,306,4,8,962.4
sliding_7,0.05,base+X[3.70-4.50),1.25,no,-0.0125,432,4,8,946.2
sliding_4,0.04,base+X[3.50-4.50),1.15,no,-0.0127,344,2,8,956.4
sliding_6,0.04,base,none,no,-0.013,421,5,8,945.2
sliding_4,0.03,base+X[3.70-4.50),none,no,-0.0131,533,3,8,930.4
sliding_4,0.04,base,1.2,si,-0.0137,214,3,8,970.7
sliding_9,0.03,base,none,no,-0.0138,484,3,8,933.2
expanding,0.03,base,none,no,-0.0138,484,3,8,933.2
sliding_7,0.1,base+X[3.70-4.50),1.25,si,-0.0139,179,2,8,975.2
sliding_9,0.1,base+X[3.50-4.50),1.25,si,-0.0139,203,3,8,971.7
expanding,0.1,base+X[3.50-4.50),1.25,si,-0.0139,203,3,8,971.7
sliding_9,0.05,base+X[3.70-4.50),1.2,si,-0.0142,257,3,8,963.5
expanding,0.05,base+X[3.70-4.50),1.2,si,-0.0142,257,3,8,963.5
expanding,0.06,base,1.15,no,-0.0143,199,5,8,971.5
sliding_9,0.06,base,1.15,no,-0.0143,199,5,8,971.5
sliding_4,0.04,base,1.25,no,-0.0143,326,5,8,953.5
sliding_4,0.03,solo_X[3.50-4.50),1.15,no,-0.0145,150,4,8,978.2
sliding_4,0.1,base+X[3.70-4.50),1.15,si,-0.0145,89,3,8,987.1
sliding_4,0.05,base,1.25,si,-0.0145,219,3,8,968.3
sliding_6,0.06,base+X[3.50-4.50),none,si,-0.0147,246,2,8,963.9
sliding_4,0.07,base+X[3.70-4.50),none,no,-0.0149,391,4,8,941.9
sliding_3,0.07,base+X[3.50-4.50),none,si,-0.0151,257,3,8,961.1
sliding_3,0.03,base+X[3.70-4.50),1.2,si,-0.0152,257,2,8,960.9
sliding_4,0.05,base,1.2,no,-0.0153,264,4,8,959.6
sliding_4,0.03,base+X[3.70-4.50),1.25,no,-0.0153,475,2,8,927.3
sliding_9,0.06,base+X[3.70-4.50),none,no,-0.0159,450,3,8,928.4
expanding,0.06,base+X[3.70-4.50),none,no,-0.0159,450,3,8,928.4
sliding_4,0.05,solo_X[3.50-4.50),1.15,si,-0.0159,101,4,8,983.9
sliding_6,0.07,base,none,si,-0.016,212,4,8,966.0
sliding_4,0.07,base+X[3.50-4.50),1.2,no,-0.0161,315,4,8,949.2
sliding_6,0.05,base+X[3.50-4.50),none,si,-0.0162,302,2,8,951.2
sliding_5,0.03,solo_X[3.50-4.50),1.15,no,-0.0162,150,4,8,975.7
sliding_4,0.05,base+X[3.70-4.50),1.15,si,-0.0162,219,3,8,964.6
sliding_6,0.06,base,none,no,-0.0163,369,4,8,939.8
sliding_3,0.05,solo_X[3.50-4.50),1.2,no,-0.0163,139,4,8,977.3
sliding_5,0.05,base+X[3.50-4.50),1.25,no,-0.0164,455,5,8,925.4
sliding_3,0.04,solo_X[3.50-4.50),1.25,si,-0.0165,147,4,8,975.8
sliding_3,0.04,base+X[3.50-4.50),1.2,si,-0.0165,291,4,8,951.9
sliding_3,0.06,solo_X[3.50-4.50),1.25,si,-0.0165,124,4,8,979.5
sliding_4,0.06,solo_X[3.50-4.50),1.15,si,-0.0166,93,4,8,984.6
sliding_4,0.03,base+X[3.50-4.50),1.25,no,-0.0167,537,3,8,910.3
sliding_3,0.03,base+X[3.70-4.50),1.15,si,-0.017,253,3,8,956.9
sliding_4,0.06,base+X[3.50-4.50),none,no,-0.0172,462,3,8,920.6
sliding_5,0.04,base+X[3.50-4.50),1.25,si,-0.0174,268,3,8,953.5
sliding_9,0.1,base+X[3.70-4.50),none,si,-0.0176,192,3,8,966.3
sliding_4,0.04,base,none,no,-0.0176,378,5,8,933.3
expanding,0.1,base+X[3.70-4.50),none,si,-0.0176,192,3,8,966.3
sliding_4,0.06,base,1.25,si,-0.0177,188,2,8,966.8
sliding_5,0.03,base+X[3.50-4.50),1.25,si,-0.0178,364,4,8,935.2
sliding_7,0.03,base,1.15,si,-0.0179,236,3,8,957.7
sliding_7,0.04,base+X[3.70-4.50),none,si,-0.0179,252,2,8,955.0
sliding_7,0.03,base,1.25,si,-0.018,254,3,8,954.4
sliding_4,0.07,base+X[3.50-4.50),1.2,si,-0.0181,236,3,8,957.2
sliding_4,0.07,base+X[3.50-4.50),none,si,-0.0181,301,2,8,945.5
sliding_7,0.03,base,1.25,no,-0.0181,404,4,8,926.8
sliding_5,0.03,base+X[3.50-4.50),1.2,si,-0.0181,338,3,8,938.8
sliding_7,0.1,base+X[3.50-4.50),none,no,-0.0181,355,4,8,935.6
sliding_4,0.03,base,1.2,no,-0.0182,312,5,8,943.2
sliding_4,0.07,base+X[3.70-4.50),1.25,no,-0.0184,333,2,8,938.8
sliding_3,0.1,base+X[3.50-4.50),none,si,-0.0185,204,3,8,962.3
sliding_6,0.07,base,1.25,si,-0.0186,195,3,8,963.7
expanding,0.1,base+X[3.50-4.50),none,no,-0.0188,346,4,8,934.9
sliding_9,0.1,base+X[3.50-4.50),none,no,-0.0188,346,4,8,934.9
sliding_6,0.1,base+X[3.70-4.50),none,no,-0.0192,312,4,8,940.1
sliding_6,0.06,base,1.25,si,-0.0195,211,3,8,958.8
sliding_5,0.04,solo_X[3.50-4.50),none,no,-0.0197,160,3,8,968.5
sliding_4,0.03,base,1.2,si,-0.02,232,3,8,953.7
sliding_5,0.1,base,none,no,-0.02,280,4,8,944.1
sliding_6,0.1,base+X[3.70-4.50),1.2,no,-0.0202,183,3,8,963.1
sliding_6,0.03,base,1.2,no,-0.0203,336,4,8,931.8
sliding_7,0.06,base+X[3.70-4.50),none,no,-0.0204,470,3,8,903.9
sliding_6,0.05,base+X[3.70-4.50),none,no,-0.0205,490,3,8,899.5
sliding_7,0.03,base,none,si,-0.0208,272,3,8,943.5
sliding_5,0.03,base+X[3.50-4.50),none,si,-0.0209,342,3,8,928.4
sliding_7,0.07,base,none,no,-0.0213,368,4,8,921.7
sliding_5,0.05,base+X[3.50-4.50),1.25,si,-0.0213,309,4,8,934.3
expanding,0.06,base+X[3.70-4.50),1.25,no,-0.0214,377,5,8,919.3
sliding_7,0.05,base+X[3.50-4.50),1.2,si,-0.0214,278,3,8,940.5
sliding_9,0.06,base+X[3.70-4.50),1.25,no,-0.0214,377,5,8,919.3
sliding_6,0.05,base+X[3.70-4.50),1.2,no,-0.0215,361,4,8,922.5
sliding_4,0.04,base+X[3.70-4.50),1.15,no,-0.0215,300,3,8,935.4
sliding_6,0.05,base+X[3.50-4.50),1.2,si,-0.0218,282,3,8,938.4
sliding_4,0.07,base+X[3.50-4.50),none,no,-0.0219,430,2,8,905.9
sliding_4,0.06,base+X[3.70-4.50),1.25,si,-0.022,214,2,8,952.9
sliding_6,0.05,base+X[3.70-4.50),1.2,si,-0.022,253,3,8,944.4
sliding_3,0.03,base+X[3.50-4.50),none,si,-0.022,333,2,8,926.6
sliding_6,0.05,base,1.25,no,-0.0222,333,5,8,926.1
sliding_7,0.05,base+X[3.70-4.50),none,si,-0.0225,278,2,8,937.4
sliding_4,0.05,base+X[3.50-4.50),1.15,no,-0.0226,299,3,8,932.3
sliding_7,0.04,base+X[3.70-4.50),none,no,-0.0226,538,2,8,878.4
sliding_3,0.03,solo_X[3.50-4.50),none,si,-0.0229,144,3,8,967.0
sliding_6,0.07,base+X[3.70-4.50),none,si,-0.0235,248,3,8,941.7
sliding_4,0.05,base,1.25,no,-0.0236,304,4,8,928.2
sliding_7,0.07,base,1.15,no,-0.0237,162,4,8,961.6
sliding_3,0.05,solo_X[3.50-4.50),none,si,-0.0237,133,4,8,968.5
sliding_7,0.06,base+X[3.70-4.50),none,si,-0.0238,225,2,8,946.4
sliding_4,0.03,base+X[3.50-4.50),1.15,si,-0.0238,296,4,8,929.7
sliding_5,0.03,base+X[3.50-4.50),1.15,si,-0.0239,297,4,8,929.0
sliding_9,0.03,base,none,si,-0.0241,272,3,8,934.5
expanding,0.03,base,none,si,-0.0241,272,3,8,934.5
sliding_4,0.1,base,1.25,si,-0.0241,152,5,8,963.3
sliding_7,0.03,base,none,no,-0.0242,476,3,8,884.9
expanding,0.05,base+X[3.70-4.50),none,si,-0.0244,278,2,8,932.3
sliding_6,0.05,base,none,no,-0.0244,396,5,8,903.5
sliding_9,0.05,base+X[3.70-4.50),none,si,-0.0244,278,2,8,932.3
sliding_4,0.04,base,1.15,no,-0.0246,219,5,8,946.2
sliding_7,0.04,base+X[3.50-4.50),none,si,-0.0248,260,2,8,935.5
sliding_3,0.05,base+X[3.50-4.50),none,si,-0.0251,290,3,8,927.2
sliding_6,0.04,base,1.15,no,-0.0251,235,5,8,940.9
sliding_4,0.03,base,1.25,no,-0.0251,352,5,8,911.8
sliding_4,0.1,base+X[3.70-4.50),1.25,si,-0.0252,157,3,8,960.5
sliding_6,0.06,base+X[3.70-4.50),none,no,-0.0255,456,3,8,883.5
sliding_9,0.04,base+X[3.70-4.50),none,no,-0.0257,526,2,8,864.7
sliding_7,0.05,base+X[3.50-4.50),1.15,si,-0.0257,245,3,8,937.0
expanding,0.04,base+X[3.70-4.50),none,no,-0.0257,526,2,8,864.7
sliding_4,0.03,base,1.25,si,-0.0257,242,3,8,937.7
sliding_4,0.05,base,none,no,-0.0258,356,4,8,908.0
sliding_5,0.04,solo_X[3.50-4.50),none,si,-0.0258,137,3,8,964.7
sliding_6,0.07,base,1.25,no,-0.0259,277,3,8,928.2
sliding_4,0.06,base+X[3.50-4.50),1.25,no,-0.0259,399,3,8,896.5
sliding_4,0.07,solo_X[3.50-4.50),1.15,no,-0.0261,82,4,8,978.6
sliding_4,0.05,base+X[3.50-4.50),1.25,si,-0.0262,250,2,8,934.6
expanding,0.05,base+X[3.50-4.50),none,no,-0.0263,520,3,8,863.3
sliding_9,0.05,base+X[3.50-4.50),none,no,-0.0263,520,3,8,863.3
sliding_7,0.05,base+X[3.50-4.50),1.2,no,-0.0268,410,3,8,890.0
sliding_4,0.03,base,none,no,-0.0268,404,4,8,891.6
sliding_7,0.06,base+X[3.70-4.50),1.25,no,-0.0272,395,4,8,892.5
sliding_5,0.04,base+X[3.50-4.50),1.15,si,-0.0274,219,3,8,939.9
sliding_6,0.07,base,none,no,-0.0278,340,4,8,905.6
sliding_7,0.03,base,1.15,no,-0.0279,270,4,8,924.8
sliding_4,0.1,base,1.2,no,-0.0279,138,5,8,961.5
sliding_9,0.07,base+X[3.70-4.50),none,no,-0.0281,417,3,8,882.7
expanding,0.07,base+X[3.70-4.50),none,no,-0.0281,417,3,8,882.7
sliding_6,0.06,base+X[3.70-4.50),1.2,no,-0.0286,327,4,8,906.5
sliding_9,0.04,base+X[3.70-4.50),none,si,-0.0286,252,2,8,927.9
expanding,0.04,base+X[3.70-4.50),none,si,-0.0286,252,2,8,927.9
sliding_7,0.04,base+X[3.70-4.50),1.25,no,-0.0287,463,3,8,867.0
sliding_6,0.05,base+X[3.70-4.50),1.25,no,-0.0287,423,4,8,878.8
sliding_3,0.06,solo_X[3.50-4.50),none,si,-0.0287,130,4,8,962.7
sliding_6,0.07,base+X[3.70-4.50),none,no,-0.0287,420,3,8,879.3
sliding_3,0.06,solo_X[3.50-4.50),1.25,no,-0.0289,133,4,8,961.5
expanding,0.03,base,1.15,si,-0.0297,236,3,8,929.8
expanding,0.1,base+X[3.50-4.50),1.25,no,-0.0297,270,3,8,919.8
sliding_4,0.1,base+X[3.50-4.50),1.15,si,-0.0297,94,4,8,972.1
sliding_9,0.03,base,1.15,si,-0.0297,236,3,8,929.8
sliding_9,0.1,base+X[3.50-4.50),1.25,no,-0.0297,270,3,8,919.8
sliding_4,0.03,base+X[3.50-4.50),1.15,no,-0.0297,395,3,8,882.7
expanding,0.05,base+X[3.50-4.50),1.2,si,-0.03,278,3,8,916.5
sliding_9,0.05,base+X[3.50-4.50),1.2,si,-0.03,278,3,8,916.5
sliding_4,0.05,base,1.15,si,-0.0302,180,4,8,945.7
sliding_4,0.04,base+X[3.50-4.50),1.15,si,-0.0302,275,2,8,916.9
sliding_6,0.04,base+X[3.70-4.50),none,no,-0.0302,525,3,8,841.2
expanding,0.06,base+X[3.50-4.50),1.2,no,-0.0306,353,3,8,891.9
sliding_9,0.06,base+X[3.50-4.50),1.2,no,-0.0306,353,3,8,891.9
sliding_6,0.04,base+X[3.50-4.50),1.25,si,-0.031,259,2,8,919.8
sliding_4,0.05,base+X[3.70-4.50),1.15,no,-0.0312,265,3,8,917.3
sliding_5,0.04,solo_X[3.50-4.50),1.15,no,-0.0312,129,3,8,959.7
sliding_6,0.03,base,none,si,-0.0315,268,3,8,915.7
sliding_6,0.04,base+X[3.70-4.50),1.25,si,-0.0317,242,2,8,923.3
sliding_3,0.03,solo_X[3.50-4.50),1.2,si,-0.0317,141,4,8,955.3
expanding,0.04,base+X[3.70-4.50),1.25,no,-0.0319,453,3,8,855.6
sliding_9,0.04,base+X[3.70-4.50),1.25,no,-0.0319,453,3,8,855.6
sliding_6,0.06,base,1.15,si,-0.0321,159,5,8,949.0
sliding_4,0.07,base+X[3.50-4.50),1.25,no,-0.0322,367,3,8,881.8
expanding,0.03,base,1.25,si,-0.0324,254,3,8,917.8
sliding_9,0.03,base,1.25,si,-0.0324,254,3,8,917.8
sliding_7,0.04,base+X[3.70-4.50),1.2,si,-0.0325,276,2,8,910.4
sliding_6,0.1,base,none,si,-0.0328,179,4,8,941.3
sliding_7,0.05,base+X[3.50-4.50),none,no,-0.0329,542,3,8,821.6
sliding_6,0.1,base+X[3.70-4.50),1.25,no,-0.0329,245,3,8,919.4
sliding_4,0.04,base+X[3.70-4.50),1.25,si,-0.0329,209,2,8,931.2
sliding_7,0.1,base+X[3.50-4.50),1.25,no,-0.033,278,3,8,908.2
sliding_3,0.03,solo_X[3.50-4.50),1.25,no,-0.0333,184,3,8,938.8
sliding_6,0.07,base+X[3.70-4.50),1.2,no,-0.0336,291,4,8,902.3
sliding_4,0.1,base+X[3.50-4.50),1.25,si,-0.0336,162,3,8,945.5
expanding,0.05,base+X[3.50-4.50),1.25,no,-0.0342,444,3,8,848.2
sliding_9,0.05,base+X[3.50-4.50),1.25,no,-0.0342,444,3,8,848.2
sliding_6,0.04,base+X[3.70-4.50),1.2,no,-0.0343,396,3,8,864.2
sliding_7,0.05,base+X[3.50-4.50),1.15,no,-0.0345,305,3,8,894.7
sliding_7,0.07,base+X[3.70-4.50),1.2,no,-0.0345,306,4,8,894.4
sliding_6,0.06,base+X[3.70-4.50),1.25,si,-0.0345,221,3,8,923.8
sliding_4,0.07,base+X[3.50-4.50),1.15,si,-0.0352,190,2,8,933.2
sliding_6,0.06,base,1.15,no,-0.0352,183,5,8,935.5
sliding_6,0.06,base+X[3.70-4.50),1.25,no,-0.0353,389,4,8,862.8
sliding_6,0.1,base,1.25,no,-0.0357,204,4,8,927.1
sliding_7,0.06,base+X[3.70-4.50),1.2,si,-0.0357,236,3,8,915.7
sliding_7,0.06,base+X[3.70-4.50),1.15,no,-0.0358,243,4,8,913.0
sliding_6,0.1,base,none,no,-0.0358,267,4,8,904.5
expanding,0.06,base,1.15,si,-0.0359,162,5,8,941.9
sliding_9,0.06,base,1.15,si,-0.0359,162,5,8,941.9
sliding_9,0.07,base,1.15,no,-0.036,173,4,8,937.8
expanding,0.07,base,1.15,no,-0.036,173,4,8,937.8
sliding_7,0.04,base+X[3.70-4.50),1.15,no,-0.0362,311,4,8,887.5
sliding_4,0.1,base+X[3.70-4.50),1.15,no,-0.0362,91,3,8,967.1
sliding_9,0.07,base+X[3.70-4.50),1.25,no,-0.0367,344,3,8,873.6
expanding,0.07,base+X[3.70-4.50),1.25,no,-0.0367,344,3,8,873.6
sliding_3,0.06,solo_X[3.50-4.50),1.2,no,-0.0369,126,4,8,953.5
sliding_6,0.03,base,none,no,-0.0372,456,3,8,830.2
sliding_6,0.03,base,1.25,no,-0.0375,393,4,8,852.8
sliding_4,0.07,base+X[3.70-4.50),1.2,si,-0.0375,204,2,8,923.4
sliding_6,0.05,base+X[3.70-4.50),1.25,si,-0.0377,258,2,8,902.8
sliding_3,0.03,solo_X[3.50-4.50),1.25,si,-0.0378,150,3,8,943.3
sliding_6,0.1,base+X[3.70-4.50),none,si,-0.038,181,4,8,931.2
sliding_6,0.03,base+X[3.70-4.50),none,no,-0.0382,578,3,8,779.1
sliding_4,0.04,base+X[3.50-4.50),none,si,-0.0383,191,2,8,926.8
expanding,0.06,base+X[3.70-4.50),none,si,-0.0388,225,2,8,912.8
sliding_9,0.06,base+X[3.70-4.50),none,si,-0.0388,225,2,8,912.8
sliding_4,0.03,base,1.15,no,-0.039,245,4,8,904.5
sliding_3,0.03,solo_X[3.50-4.50),1.2,no,-0.0391,177,4,8,930.8
sliding_7,0.1,base+X[3.50-4.50),none,si,-0.0391,201,3,8,921.4
sliding_4,0.1,base,none,no,-0.0392,230,3,8,909.9
sliding_6,0.04,base+X[3.70-4.50),1.25,no,-0.0392,458,3,8,820.5
sliding_4,0.1,base,1.25,no,-0.0393,178,4,8,930.1
sliding_4,0.05,base+X[3.70-4.50),1.25,si,-0.0399,233,2,8,907.1
sliding_6,0.07,base+X[3.70-4.50),1.25,no,-0.0401,353,2,8,858.6
sliding_4,0.05,base,1.15,no,-0.0402,197,4,8,920.9
sliding_9,0.04,base+X[3.50-4.50),1.2,no,-0.0406,433,3,8,824.2
expanding,0.04,base+X[3.50-4.50),1.2,no,-0.0406,433,3,8,824.2
sliding_7,0.1,base+X[3.50-4.50),1.25,si,-0.0407,184,2,8,925.2
expanding,0.06,base+X[3.50-4.50),none,no,-0.0408,484,3,8,802.4
sliding_9,0.06,base+X[3.50-4.50),none,no,-0.0408,484,3,8,802.4
sliding_4,0.07,base,1.2,no,-0.0408,210,4,8,914.3
sliding_7,0.05,base+X[3.50-4.50),none,si,-0.0412,290,2,8,880.4
sliding_4,0.04,base+X[3.70-4.50),1.15,si,-0.0412,257,2,8,894.0
sliding_4,0.03,base,1.15,si,-0.0413,205,3,8,915.4
sliding_6,0.05,base+X[3.50-4.50),none,no,-0.0413,534,3,8,779.5
expanding,0.04,base+X[3.50-4.50),none,si,-0.0414,260,2,8,892.4
sliding_9,0.04,base+X[3.50-4.50),none,si,-0.0414,260,2,8,892.4
sliding_4,0.04,base,1.15,si,-0.0417,187,4,8,922.1
sliding_6,0.06,base+X[3.50-4.50),1.25,si,-0.0418,228,3,8,904.6
sliding_4,0.1,base+X[3.50-4.50),1.15,no,-0.0423,99,4,8,958.1
sliding_4,0.04,base+X[3.70-4.50),none,si,-0.0428,179,2,8,923.4
sliding_4,0.07,solo_X[3.50-4.50),1.25,si,-0.0432,102,4,8,955.9
sliding_7,0.04,base+X[3.50-4.50),1.2,no,-0.0434,445,3,8,806.8
sliding_7,0.07,base+X[3.70-4.50),none,no,-0.0436,436,3,8,810.0
expanding,0.1,base+X[3.50-4.50),none,si,-0.0436,201,3,8,912.3
sliding_9,0.1,base+X[3.50-4.50),none,si,-0.0436,201,3,8,912.3
sliding_7,0.06,base+X[3.50-4.50),1.15,si,-0.0439,204,3,8,910.4
sliding_7,0.06,base+X[3.50-4.50),1.2,no,-0.0439,373,3,8,836.3
sliding_4,0.06,base+X[3.70-4.50),1.15,si,-0.044,186,2,8,918.2
sliding_6,0.03,base+X[3.70-4.50),1.2,no,-0.0441,449,4,8,802.1
sliding_7,0.06,base+X[3.50-4.50),1.2,si,-0.0442,255,2,8,887.3
sliding_7,0.05,base+X[3.50-4.50),1.25,no,-0.0443,465,3,8,794.2
sliding_7,0.05,base+X[3.70-4.50),1.15,si,-0.0444,223,2,8,901.0
sliding_9,0.05,base+X[3.70-4.50),1.15,no,-0.0444,275,2,8,877.9
expanding,0.05,base+X[3.70-4.50),1.15,no,-0.0444,275,2,8,877.9
expanding,0.03,base,1.15,no,-0.045,292,4,8,868.6
sliding_9,0.03,base,1.15,no,-0.045,292,4,8,868.6
sliding_7,0.04,base+X[3.50-4.50),none,no,-0.0453,577,2,8,738.4
sliding_4,0.06,base,1.2,no,-0.0454,230,4,8,895.5
sliding_4,0.07,base,none,no,-0.0455,302,3,8,862.7
sliding_7,0.07,base+X[3.70-4.50),1.2,si,-0.0456,203,3,8,907.5
sliding_6,0.1,base+X[3.50-4.50),none,no,-0.0458,332,3,8,848.1
sliding_6,0.05,base+X[3.50-4.50),1.2,no,-0.0459,400,3,8,816.5
sliding_7,0.06,base+X[3.50-4.50),none,no,-0.046,505,2,8,767.9
sliding_9,0.07,base,1.15,si,-0.0462,148,4,8,931.6
expanding,0.07,base,1.15,si,-0.0462,148,4,8,931.6
sliding_6,0.06,base+X[3.50-4.50),none,no,-0.0467,496,4,8,768.5
sliding_4,0.07,base,1.25,no,-0.0468,250,4,8,882.9
sliding_9,0.04,base+X[3.50-4.50),none,no,-0.047,564,2,8,734.7
expanding,0.04,base+X[3.50-4.50),none,no,-0.047,564,2,8,734.7
sliding_6,0.03,base+X[3.70-4.50),1.25,no,-0.0473,511,2,8,758.4
sliding_7,0.04,base+X[3.70-4.50),1.25,si,-0.0474,237,2,8,887.6
expanding,0.07,base+X[3.50-4.50),1.2,no,-0.0474,316,3,8,850.2
sliding_9,0.07,base+X[3.50-4.50),1.2,no,-0.0474,316,3,8,850.2
sliding_6,0.03,base,1.25,si,-0.0475,251,3,8,880.9
sliding_7,0.06,base+X[3.50-4.50),none,si,-0.0477,235,1,8,888.0
sliding_6,0.06,base+X[3.50-4.50),1.2,si,-0.0479,258,2,8,876.3
sliding_6,0.05,base,1.15,no,-0.048,210,5,8,899.2
sliding_6,0.07,base+X[3.50-4.50),none,si,-0.0485,264,3,8,871.9
sliding_4,0.06,base,none,no,-0.0485,322,3,8,843.9
sliding_4,0.07,solo_X[3.50-4.50),1.15,si,-0.0486,80,4,8,961.1
sliding_3,0.07,solo_X[3.50-4.50),1.25,no,-0.0487,116,4,8,943.5
sliding_5,0.1,solo_X[3.50-4.50),1.25,no,-0.049,59,4,8,971.1
sliding_5,0.1,solo_X[3.50-4.50),1.25,si,-0.049,59,4,8,971.1
sliding_4,0.06,base,1.15,si,-0.0491,147,4,8,927.8
sliding_6,0.04,base+X[3.50-4.50),none,no,-0.0497,577,3,8,713.2
sliding_4,0.03,base+X[3.70-4.50),1.15,no,-0.0501,340,2,8,829.7
sliding_5,0.03,solo_X[3.50-4.50),1.2,no,-0.0502,168,3,8,915.7
sliding_5,0.07,solo_X[3.50-4.50),none,no,-0.0503,109,4,8,945.2
sliding_4,0.06,base,1.25,no,-0.0503,270,4,8,864.1
expanding,0.05,base+X[3.50-4.50),none,si,-0.0506,290,2,8,853.3
sliding_9,0.05,base+X[3.50-4.50),none,si,-0.0506,290,2,8,853.3
sliding_4,0.06,base+X[3.50-4.50),1.15,no,-0.051,257,4,8,868.9
sliding_6,0.05,base+X[3.50-4.50),1.25,no,-0.0512,463,4,8,762.8
expanding,0.06,base+X[3.70-4.50),1.2,si,-0.0514,236,3,8,878.8
sliding_3,0.05,solo_X[3.50-4.50),1.2,si,-0.0514,121,3,8,937.8
sliding_9,0.06,base+X[3.70-4.50),1.2,si,-0.0514,236,3,8,878.8
sliding_4,0.07,base+X[3.50-4.50),1.25,si,-0.0518,266,2,8,862.2
sliding_9,0.04,base+X[3.70-4.50),1.2,si,-0.0519,276,2,8,856.7
expanding,0.04,base+X[3.70-4.50),1.2,si,-0.0519,276,2,8,856.7
sliding_9,0.06,base+X[3.50-4.50),1.25,no,-0.0521,408,3,8,787.3
expanding,0.06,base+X[3.50-4.50),1.25,no,-0.0521,408,3,8,787.3
sliding_7,0.05,base+X[3.70-4.50),1.25,si,-0.0523,257,2,8,865.5
sliding_7,0.03,base+X[3.70-4.50),none,si,-0.0525,303,2,8,841.0
sliding_6,0.06,base+X[3.70-4.50),1.2,si,-0.0527,233,3,8,877.3
sliding_7,0.07,base+X[3.70-4.50),none,si,-0.0527,240,2,8,873.6
sliding_9,0.03,base+X[3.70-4.50),1.2,no,-0.0529,443,3,8,765.6
expanding,0.06,base+X[3.50-4.50),none,si,-0.0529,235,1,8,875.8
sliding_9,0.06,base+X[3.50-4.50),none,si,-0.0529,235,1,8,875.8
expanding,0.03,base+X[3.70-4.50),1.2,no,-0.0529,443,3,8,765.6
sliding_6,0.05,base+X[3.50-4.50),1.25,si,-0.0529,280,2,8,851.8
sliding_6,0.07,base+X[3.50-4.50),none,no,-0.0529,457,3,8,758.3
sliding_7,0.06,base+X[3.70-4.50),1.15,si,-0.053,204,3,8,891.9
sliding_9,0.07,base+X[3.50-4.50),none,no,-0.0535,447,2,8,760.7
expanding,0.07,base+X[3.50-4.50),none,no,-0.0535,447,2,8,760.7
sliding_6,0.04,base+X[3.70-4.50),1.2,si,-0.0535,276,2,8,852.3
sliding_6,0.06,base+X[3.50-4.50),1.2,no,-0.0537,362,3,8,805.5
sliding_3,0.03,base+X[3.50-4.50),1.2,si,-0.0539,305,2,8,835.5
sliding_4,0.03,base+X[3.50-4.50),none,si,-0.055,251,2,8,862.0
sliding_4,0.03,base+X[3.70-4.50),1.15,si,-0.0552,280,2,8,845.5
sliding_7,0.04,base+X[3.50-4.50),1.15,no,-0.0554,340,1,8,811.5
sliding_7,0.07,base+X[3.70-4.50),1.25,no,-0.0558,361,2,8,798.6
sliding_7,0.04,base+X[3.50-4.50),1.25,si,-0.0559,244,2,8,863.7
sliding_6,0.04,base+X[3.50-4.50),1.2,no,-0.0564,443,4,8,750.2
sliding_6,0.07,base,1.15,si,-0.0572,142,3,8,918.8
sliding_6,0.07,base+X[3.50-4.50),1.25,si,-0.0572,253,3,8,855.3
expanding,0.04,base+X[3.50-4.50),1.25,no,-0.0575,488,3,8,719.6
sliding_9,0.04,base+X[3.50-4.50),1.25,no,-0.0575,488,3,8,719.6
sliding_4,0.03,base+X[3.70-4.50),none,si,-0.0576,236,3,8,864.1
expanding,0.03,base+X[3.70-4.50),none,no,-0.0578,571,2,8,670.1
sliding_7,0.04,base+X[3.50-4.50),1.25,no,-0.0578,500,3,8,711.0
sliding_9,0.03,base+X[3.70-4.50),none,no,-0.0578,571,2,8,670.1
sliding_6,0.1,base+X[3.50-4.50),none,si,-0.058,191,3,8,889.2
sliding_6,0.1,base+X[3.50-4.50),1.2,no,-0.058,198,3,8,885.1
expanding,0.04,base+X[3.70-4.50),1.25,si,-0.0583,237,2,8,861.9
sliding_9,0.04,base+X[3.70-4.50),1.25,si,-0.0583,237,2,8,861.9
sliding_6,0.06,base+X[3.50-4.50),1.25,no,-0.0584,425,4,8,751.8
sliding_3,0.07,solo_X[3.50-4.50),1.2,no,-0.0592,109,4,8,935.5
sliding_7,0.06,base+X[3.50-4.50),1.15,no,-0.0593,268,4,8,841.0
sliding_6,0.1,base,1.25,si,-0.0593,160,3,8,905.1
sliding_6,0.05,base+X[3.70-4.50),1.15,no,-0.0597,277,3,8,834.6
sliding_5,0.05,solo_X[3.50-4.50),none,no,-0.06,135,3,8,919.0
sliding_6,0.04,base+X[3.50-4.50),1.25,no,-0.06,506,4,8,696.5
expanding,0.07,base+X[3.70-4.50),none,si,-0.0604,240,2,8,855.0
sliding_9,0.07,base+X[3.70-4.50),none,si,-0.0604,240,2,8,855.0
sliding_6,0.03,base+X[3.50-4.50),none,no,-0.0605,641,2,8,612.1
sliding_7,0.06,base+X[3.50-4.50),1.25,no,-0.0606,428,3,8,740.5
sliding_7,0.03,base+X[3.70-4.50),1.2,no,-0.0609,456,3,8,722.2
sliding_9,0.07,base+X[3.50-4.50),1.2,si,-0.0609,235,2,8,856.9
expanding,0.07,base+X[3.50-4.50),1.2,si,-0.0609,235,2,8,856.9
sliding_6,0.07,base+X[3.70-4.50),1.25,si,-0.0611,233,2,8,857.6
sliding_9,0.05,base+X[3.70-4.50),1.25,si,-0.0614,257,2,8,842.2
sliding_7,0.07,base+X[3.50-4.50),1.2,si,-0.0614,235,2,8,855.8
expanding,0.05,base+X[3.70-4.50),1.25,si,-0.0614,257,2,8,842.2
expanding,0.06,base+X[3.50-4.50),1.2,si,-0.0616,255,2,8,842.8
sliding_9,0.06,base+X[3.50-4.50),1.2,si,-0.0616,255,2,8,842.8
sliding_7,0.03,base+X[3.70-4.50),none,no,-0.0618,586,2,8,637.8
sliding_4,0.06,base+X[3.70-4.50),1.15,no,-0.062,226,3,8,859.9
sliding_3,0.1,solo_X[3.50-4.50),none,no,-0.0632,87,4,8,945.0
sliding_6,0.07,base+X[3.50-4.50),1.2,no,-0.0634,323,3,8,795.3
sliding_7,0.06,base+X[3.70-4.50),1.25,si,-0.0637,210,2,8,866.2
sliding_6,0.07,base,1.15,no,-0.0641,154,3,8,901.3
sliding_6,0.03,base,1.15,no,-0.0645,270,4,8,825.9
sliding_6,0.1,base+X[3.50-4.50),1.25,no,-0.0646,261,2,8,831.4
expanding,0.05,base+X[3.50-4.50),1.15,no,-0.0647,300,2,8,805.9
sliding_9,0.05,base+X[3.50-4.50),1.15,no,-0.0647,300,2,8,805.9
sliding_4,0.07,base+X[3.50-4.50),1.15,no,-0.0648,225,2,8,854.2
sliding_4,0.07,base+X[3.70-4.50),1.25,si,-0.0649,249,1,8,838.4
sliding_7,0.04,base+X[3.70-4.50),1.15,si,-0.0652,230,2,8,850.1
sliding_7,0.03,base+X[3.50-4.50),none,si,-0.066,326,1,8,784.8
sliding_6,0.07,base+X[3.50-4.50),1.25,no,-0.0669,386,4,8,741.6
expanding,0.1,base+X[3.70-4.50),1.15,si,-0.0678,115,2,8,922.0
sliding_9,0.1,base+X[3.70-4.50),1.15,si,-0.0678,115,2,8,922.0
sliding_3,0.04,solo_X[3.50-4.50),1.2,si,-0.0679,135,3,8,908.3
expanding,0.03,base+X[3.70-4.50),1.25,no,-0.0681,498,1,8,661.0
sliding_9,0.03,base+X[3.70-4.50),1.25,no,-0.0681,498,1,8,661.0
sliding_5,0.04,solo_X[3.50-4.50),1.2,no,-0.0682,147,2,8,899.7
sliding_7,0.1,solo_X[3.50-4.50),1.15,si,-0.0683,30,2,8,979.5
sliding_7,0.1,solo_X[3.50-4.50),1.15,no,-0.0683,30,2,8,979.5
expanding,0.07,base+X[3.50-4.50),1.25,no,-0.0686,371,3,8,745.6
sliding_9,0.07,base+X[3.50-4.50),1.25,no,-0.0686,371,3,8,745.6
sliding_4,0.07,base,1.15,si,-0.0687,133,3,8,908.6
sliding_7,0.07,base+X[3.50-4.50),none,no,-0.069,467,2,8,678.0
sliding_6,0.03,base+X[3.50-4.50),1.2,no,-0.0692,507,3,8,649.1
expanding,0.04,base+X[3.50-4.50),1.25,si,-0.0695,244,2,8,830.4
sliding_9,0.04,base+X[3.50-4.50),1.25,si,-0.0695,244,2,8,830.4
sliding_9,0.07,base+X[3.70-4.50),1.2,si,-0.0709,203,2,8,856.1
expanding,0.07,base+X[3.70-4.50),1.2,si,-0.0709,203,2,8,856.1
sliding_6,0.03,base+X[3.50-4.50),1.25,no,-0.071,570,3,8,595.4
sliding_3,0.04,solo_X[3.50-4.50),1.15,si,-0.0713,105,3,8,925.1
sliding_6,0.04,base+X[3.70-4.50),1.15,no,-0.0717,312,3,8,776.3
sliding_7,0.04,base+X[3.50-4.50),1.2,si,-0.072,280,2,8,798.4
sliding_5,0.03,solo_X[3.50-4.50),1.25,no,-0.0723,172,2,8,875.7
sliding_5,0.06,solo_X[3.50-4.50),none,no,-0.0723,120,4,8,913.2
sliding_6,0.03,base+X[3.50-4.50),none,si,-0.0725,254,2,8,815.8
sliding_7,0.03,base+X[3.70-4.50),1.25,no,-0.0731,511,1,8,626.4
sliding_9,0.07,base+X[3.50-4.50),none,si,-0.0741,255,1,8,811.0
expanding,0.07,base+X[3.50-4.50),none,si,-0.0741,255,1,8,811.0
sliding_6,0.04,base+X[3.50-4.50),1.2,si,-0.0745,289,2,8,784.7
sliding_6,0.03,base,1.15,si,-0.0746,216,2,8,838.8
sliding_6,0.06,base+X[3.70-4.50),1.15,no,-0.0747,243,3,8,818.6
sliding_7,0.07,base+X[3.50-4.50),none,si,-0.0752,255,1,8,808.2
expanding,0.03,base+X[3.70-4.50),none,si,-0.0754,303,2,8,771.4
sliding_9,0.03,base+X[3.70-4.50),none,si,-0.0754,303,2,8,771.4
sliding_5,0.03,solo_X[3.50-4.50),1.15,si,-0.0755,118,3,8,910.9
sliding_3,0.03,solo_X[3.50-4.50),1.15,si,-0.0756,113,3,8,914.6
sliding_7,0.07,base+X[3.50-4.50),1.2,no,-0.0757,335,3,8,746.4
sliding_7,0.03,base+X[3.70-4.50),1.2,si,-0.0763,263,2,8,799.2
expanding,0.06,base+X[3.70-4.50),1.15,no,-0.0766,239,3,8,817.0
sliding_9,0.06,base+X[3.70-4.50),1.15,no,-0.0766,239,3,8,817.0
sliding_4,0.03,base+X[3.50-4.50),1.2,si,-0.0781,235,3,8,816.5
sliding_6,0.03,base+X[3.70-4.50),1.15,no,-0.0783,365,1,8,714.2
sliding_9,0.04,base+X[3.70-4.50),1.15,no,-0.0783,315,2,8,753.3
expanding,0.04,base+X[3.70-4.50),1.15,no,-0.0783,315,2,8,753.3
expanding,0.03,base+X[3.50-4.50),none,no,-0.079,619,1,8,511.1
sliding_9,0.03,base+X[3.50-4.50),none,no,-0.079,619,1,8,511.1
sliding_6,0.05,base+X[3.50-4.50),1.15,no,-0.0798,310,3,8,752.6
sliding_7,0.06,base+X[3.50-4.50),1.25,si,-0.08,219,1,8,824.8
sliding_7,0.05,base+X[3.50-4.50),1.25,si,-0.08,270,2,8,784.1
sliding_4,0.07,base+X[3.70-4.50),1.15,no,-0.0802,198,2,8,841.2
sliding_7,0.03,base+X[3.50-4.50),none,no,-0.081,637,1,8,483.8
sliding_9,0.04,base+X[3.50-4.50),1.2,si,-0.081,280,2,8,773.1
expanding,0.04,base+X[3.50-4.50),1.2,si,-0.081,280,2,8,773.1
sliding_5,0.07,solo_X[3.50-4.50),1.15,si,-0.0815,78,5,8,936.4
sliding_5,0.07,solo_X[3.50-4.50),1.15,no,-0.0815,78,5,8,936.4
expanding,0.03,base+X[3.50-4.50),1.2,no,-0.0818,488,1,8,600.6
sliding_9,0.03,base+X[3.50-4.50),1.2,no,-0.0818,488,1,8,600.6
expanding,0.1,base+X[3.70-4.50),1.15,no,-0.0821,120,2,8,901.5
sliding_9,0.1,base+X[3.70-4.50),1.15,no,-0.0821,120,2,8,901.5
sliding_7,0.04,base+X[3.50-4.50),1.15,si,-0.0825,246,1,8,797.1
sliding_6,0.07,base+X[3.50-4.50),1.2,si,-0.0826,194,2,8,839.7
sliding_6,0.03,base+X[3.70-4.50),none,si,-0.0832,238,2,8,802.0
sliding_3,0.07,solo_X[3.50-4.50),1.2,si,-0.0832,104,4,8,913.5
expanding,0.05,base+X[3.50-4.50),1.25,si,-0.0833,270,2,8,775.2
sliding_9,0.05,base+X[3.50-4.50),1.25,si,-0.0833,270,2,8,775.2
sliding_7,0.03,base+X[3.50-4.50),1.2,si,-0.0844,287,1,8,757.8
sliding_7,0.07,base+X[3.70-4.50),1.25,si,-0.0853,221,1,8,811.4
expanding,0.03,base+X[3.50-4.50),none,si,-0.0854,326,1,8,721.7
sliding_9,0.03,base+X[3.50-4.50),none,si,-0.0854,326,1,8,721.7
sliding_3,0.06,solo_X[3.50-4.50),1.2,si,-0.0859,117,3,8,899.5
sliding_5,0.05,solo_X[3.50-4.50),1.15,no,-0.0863,104,3,8,910.2
sliding_7,0.07,base+X[3.70-4.50),1.15,no,-0.0866,209,2,8,819.1
sliding_6,0.1,solo_X[3.50-4.50),none,no,-0.0868,65,4,8,943.6
sliding_4,0.07,base,1.15,no,-0.087,143,3,8,875.6
sliding_4,0.06,base,1.15,no,-0.0879,163,4,8,856.8
sliding_7,0.1,solo_X[3.50-4.50),none,si,-0.088,61,4,8,946.3
sliding_7,0.1,solo_X[3.50-4.50),none,no,-0.088,61,4,8,946.3
sliding_7,0.03,base+X[3.50-4.50),1.2,no,-0.0887,505,1,8,552.2
sliding_6,0.04,base+X[3.50-4.50),1.15,no,-0.0889,353,2,8,686.3
sliding_7,0.07,base+X[3.50-4.50),1.25,si,-0.0894,236,1,8,789.0
sliding_9,0.05,base+X[3.50-4.50),1.15,si,-0.0896,217,2,8,805.6
sliding_7,0.07,base+X[3.50-4.50),1.25,no,-0.0896,390,3,8,650.6
expanding,0.05,base+X[3.50-4.50),1.15,si,-0.0896,217,2,8,805.6
sliding_6,0.07,base+X[3.70-4.50),1.15,no,-0.0897,207,2,8,814.4
sliding_6,0.05,solo_X[3.50-4.50),none,no,-0.0899,138,3,8,876.0
expanding,0.07,base+X[3.50-4.50),1.25,si,-0.0902,236,1,8,787.2
sliding_9,0.07,base+X[3.50-4.50),1.25,si,-0.0902,236,1,8,787.2
sliding_6,0.06,base+X[3.50-4.50),1.15,si,-0.0905,169,2,8,847.1
sliding_7,0.03,base+X[3.70-4.50),1.25,si,-0.0907,283,1,8,743.2
sliding_4,0.07,base+X[3.70-4.50),1.15,si,-0.0908,176,2,8,840.2
sliding_6,0.1,base+X[3.70-4.50),1.25,si,-0.0909,169,3,8,846.4
sliding_9,0.1,base+X[3.50-4.50),1.15,si,-0.0915,118,2,8,892.0
expanding,0.1,base+X[3.50-4.50),1.15,si,-0.0915,118,2,8,892.0
sliding_4,0.03,base+X[3.50-4.50),1.25,si,-0.0916,237,3,8,782.9
expanding,0.06,base+X[3.70-4.50),1.25,si,-0.0919,210,2,8,807.0
sliding_9,0.06,base+X[3.70-4.50),1.25,si,-0.0919,210,2,8,807.0
expanding,0.07,base+X[3.70-4.50),1.25,si,-0.0927,221,1,8,795.2
sliding_9,0.07,base+X[3.70-4.50),1.25,si,-0.0927,221,1,8,795.2
expanding,0.03,base+X[3.50-4.50),1.25,no,-0.0928,543,1,8,496.0
sliding_9,0.03,base+X[3.50-4.50),1.25,no,-0.0928,543,1,8,496.0
sliding_5,0.04,solo_X[3.50-4.50),1.25,no,-0.0929,151,2,8,859.7
expanding,0.04,base+X[3.50-4.50),1.15,no,-0.0938,344,1,8,677.3
sliding_9,0.04,base+X[3.50-4.50),1.15,no,-0.0938,344,1,8,677.3
sliding_9,0.03,base+X[3.70-4.50),1.25,si,-0.0942,283,1,8,733.4
expanding,0.03,base+X[3.70-4.50),1.25,si,-0.0942,283,1,8,733.4
sliding_6,0.06,base+X[3.50-4.50),1.15,no,-0.095,272,2,8,741.6
sliding_9,0.06,base+X[3.50-4.50),1.15,no,-0.0966,264,2,8,745.0
expanding,0.06,base+X[3.50-4.50),1.15,no,-0.0966,264,2,8,745.0
sliding_7,0.03,base+X[3.50-4.50),1.25,no,-0.0971,560,1,8,456.4
expanding,0.1,base+X[3.50-4.50),1.15,no,-0.0972,126,2,8,877.5
sliding_9,0.1,base+X[3.50-4.50),1.15,no,-0.0972,126,2,8,877.5
sliding_7,0.03,base+X[3.50-4.50),1.25,si,-0.0979,307,1,8,699.5
sliding_7,0.03,base+X[3.70-4.50),1.15,no,-0.0984,359,1,8,646.9
sliding_6,0.05,base+X[3.50-4.50),1.15,si,-0.0993,199,2,8,802.4
sliding_6,0.03,base+X[3.50-4.50),1.15,no,-0.0995,417,2,8,585.2
sliding_6,0.1,base+X[3.50-4.50),1.25,si,-0.0999,173,3,8,827.1
sliding_9,0.03,base+X[3.70-4.50),1.2,si,-0.1,263,2,8,737.0
expanding,0.03,base+X[3.70-4.50),1.2,si,-0.1,263,2,8,737.0
expanding,0.06,base+X[3.50-4.50),1.25,si,-0.1005,219,1,8,780.0
sliding_9,0.06,base+X[3.50-4.50),1.25,si,-0.1005,219,1,8,780.0
sliding_6,0.1,solo_X[3.50-4.50),none,si,-0.1031,62,4,8,936.1
sliding_5,0.03,solo_X[3.50-4.50),1.2,si,-0.1042,122,2,8,872.9
sliding_6,0.03,base+X[3.50-4.50),1.25,si,-0.1051,237,2,8,750.9
sliding_6,0.1,base+X[3.50-4.50),1.2,si,-0.1055,164,2,8,826.9
expanding,0.03,base+X[3.50-4.50),1.2,si,-0.1068,287,1,8,693.6
sliding_9,0.03,base+X[3.50-4.50),1.2,si,-0.1068,287,1,8,693.6
sliding_3,0.1,solo_X[3.50-4.50),1.15,no,-0.1071,34,2,8,963.6
sliding_3,0.1,solo_X[3.50-4.50),1.15,si,-0.1071,34,2,8,963.6
sliding_5,0.06,solo_X[3.50-4.50),1.15,no,-0.1074,89,4,8,904.4
sliding_9,0.04,base+X[3.70-4.50),1.15,si,-0.1076,224,2,8,758.9
expanding,0.04,base+X[3.70-4.50),1.15,si,-0.1076,224,2,8,758.9
sliding_7,0.07,base+X[3.50-4.50),1.15,no,-0.1082,230,2,8,751.1
sliding_4,0.1,base,1.15,no,-0.1087,71,3,8,922.8
sliding_4,0.1,base,1.15,si,-0.1087,71,3,8,922.8
sliding_4,0.03,base+X[3.70-4.50),1.25,si,-0.1088,224,1,8,756.2
sliding_4,0.03,base+X[3.70-4.50),1.2,si,-0.1089,209,2,8,772.5
sliding_3,0.07,solo_X[3.50-4.50),1.25,si,-0.1104,102,3,8,887.4
sliding_7,0.03,base+X[3.50-4.50),1.15,no,-0.1108,400,1,8,556.9
expanding,0.07,base+X[3.70-4.50),1.15,no,-0.111,206,1,8,771.3
sliding_3,0.1,solo_X[3.50-4.50),none,si,-0.111,78,3,8,913.4
sliding_9,0.07,base+X[3.70-4.50),1.15,no,-0.111,206,1,8,771.3
sliding_9,0.03,base+X[3.50-4.50),1.25,si,-0.1128,307,1,8,653.7
expanding,0.03,base+X[3.50-4.50),1.25,si,-0.1128,307,1,8,653.7
sliding_6,0.1,base+X[3.70-4.50),1.15,si,-0.1133,96,2,8,891.2
sliding_5,0.04,solo_X[3.50-4.50),1.15,si,-0.1146,110,2,8,873.9
sliding_6,0.07,base+X[3.50-4.50),1.15,no,-0.1153,233,1,8,731.4
sliding_6,0.03,solo_X[3.50-4.50),none,no,-0.1179,185,2,8,781.9
sliding_6,0.03,base+X[3.50-4.50),1.2,si,-0.1185,225,2,8,733.4
sliding_9,0.04,base+X[3.50-4.50),1.15,si,-0.1189,239,1,8,715.9
expanding,0.04,base+X[3.50-4.50),1.15,si,-0.1189,239,1,8,715.9
sliding_5,0.05,solo_X[3.50-4.50),none,si,-0.1199,117,3,8,859.7
sliding_6,0.05,solo_X[3.50-4.50),none,si,-0.1221,116,3,8,858.4
sliding_9,0.03,base+X[3.70-4.50),1.15,no,-0.1226,360,0,8,558.7
expanding,0.03,base+X[3.70-4.50),1.15,no,-0.1226,360,0,8,558.7
sliding_9,0.05,base+X[3.70-4.50),1.15,si,-0.1227,196,1,8,759.6
expanding,0.05,base+X[3.70-4.50),1.15,si,-0.1227,196,1,8,759.6
sliding_5,0.05,solo_X[3.50-4.50),1.2,no,-0.1228,122,2,8,850.2
sliding_6,0.1,base,1.15,si,-0.1232,81,3,8,900.2
sliding_6,0.1,base,1.15,no,-0.1232,81,3,8,900.2
sliding_6,0.06,base+X[3.70-4.50),1.15,si,-0.1236,166,2,8,794.9
sliding_6,0.04,base+X[3.70-4.50),1.15,si,-0.1238,192,2,8,762.3
sliding_9,0.07,base+X[3.50-4.50),1.15,si,-0.1241,162,1,8,799.0
expanding,0.07,base+X[3.50-4.50),1.15,si,-0.1241,162,1,8,799.0
sliding_9,0.06,base+X[3.50-4.50),1.15,si,-0.1247,182,2,8,773.1
expanding,0.06,base+X[3.50-4.50),1.15,si,-0.1247,182,2,8,773.1
sliding_6,0.03,base+X[3.70-4.50),1.25,si,-0.1252,220,1,8,724.6
sliding_6,0.05,solo_X[3.50-4.50),1.25,no,-0.1256,130,3,8,836.7
sliding_6,0.07,solo_X[3.50-4.50),none,no,-0.1259,117,3,8,852.7
sliding_6,0.1,base+X[3.70-4.50),1.15,no,-0.1261,99,2,8,875.2
sliding_6,0.05,base+X[3.70-4.50),1.15,si,-0.1283,173,1,8,778.0
sliding_6,0.07,base+X[3.70-4.50),1.2,si,-0.1284,165,2,8,788.2
sliding_5,0.07,solo_X[3.50-4.50),1.2,no,-0.1288,96,2,8,876.4
sliding_7,0.07,base+X[3.50-4.50),1.15,si,-0.1296,162,1,8,790.1
expanding,0.07,base+X[3.50-4.50),1.15,no,-0.1307,227,1,8,703.3
sliding_9,0.07,base+X[3.50-4.50),1.15,no,-0.1307,227,1,8,703.3
sliding_5,0.03,solo_X[3.50-4.50),1.25,si,-0.1315,121,2,8,840.9
sliding_6,0.06,solo_X[3.50-4.50),none,no,-0.1349,127,3,8,828.7
sliding_9,0.06,base+X[3.70-4.50),1.15,si,-0.1361,183,2,8,750.9
expanding,0.06,base+X[3.70-4.50),1.15,si,-0.1361,183,2,8,750.9
sliding_7,0.07,base+X[3.70-4.50),1.15,si,-0.1362,153,2,8,791.6
sliding_6,0.04,base+X[3.50-4.50),1.15,si,-0.1364,206,1,8,719.0
sliding_9,0.03,base+X[3.50-4.50),1.15,no,-0.1369,399,1,8,453.7
expanding,0.03,base+X[3.50-4.50),1.15,no,-0.1369,399,1,8,453.7
sliding_7,0.03,base+X[3.50-4.50),1.15,si,-0.1389,204,1,8,716.6
sliding_6,0.03,solo_X[3.50-4.50),1.25,no,-0.1454,177,3,8,742.6
sliding_5,0.06,solo_X[3.50-4.50),1.2,no,-0.1454,107,2,8,844.4
sliding_7,0.03,base+X[3.70-4.50),1.15,si,-0.1465,195,1,8,714.4
sliding_6,0.05,solo_X[3.50-4.50),1.15,no,-0.1466,100,4,8,853.4
sliding_5,0.04,solo_X[3.50-4.50),1.2,si,-0.1485,124,1,8,815.9
sliding_6,0.04,solo_X[3.50-4.50),none,no,-0.1487,156,2,8,768.0
sliding_6,0.03,solo_X[3.50-4.50),none,si,-0.1487,141,2,8,790.3
sliding_6,0.03,base+X[3.70-4.50),1.2,si,-0.1488,208,2,8,690.4
sliding_3,0.1,solo_X[3.50-4.50),1.25,si,-0.149,72,3,8,892.7
sliding_3,0.1,solo_X[3.50-4.50),1.25,no,-0.149,72,3,8,892.7
sliding_5,0.05,solo_X[3.50-4.50),1.25,no,-0.1506,126,2,8,810.2
sliding_6,0.05,solo_X[3.50-4.50),1.2,no,-0.1521,124,2,8,811.4
sliding_6,0.07,base+X[3.50-4.50),1.15,si,-0.1536,154,1,8,763.5
sliding_5,0.05,solo_X[3.50-4.50),1.15,si,-0.1549,93,3,8,855.9
sliding_7,0.05,solo_X[3.50-4.50),none,no,-0.1566,122,3,8,808.9
expanding,0.03,base+X[3.50-4.50),1.15,si,-0.1617,204,1,8,670.1
sliding_9,0.03,base+X[3.50-4.50),1.15,si,-0.1617,204,1,8,670.1
sliding_5,0.07,solo_X[3.50-4.50),1.25,no,-0.1636,100,2,8,836.4
sliding_6,0.03,solo_X[3.50-4.50),1.15,no,-0.1637,147,3,8,759.3
sliding_6,0.03,solo_X[3.50-4.50),1.2,no,-0.1653,171,2,8,717.3
sliding_9,0.07,base+X[3.70-4.50),1.15,si,-0.1654,153,1,8,747.0
expanding,0.07,base+X[3.70-4.50),1.15,si,-0.1654,153,1,8,747.0
sliding_6,0.1,base+X[3.50-4.50),1.15,no,-0.1656,108,2,8,821.2
sliding_6,0.1,solo_X[3.50-4.50),1.25,si,-0.1679,57,2,8,904.3
sliding_6,0.1,solo_X[3.50-4.50),1.25,no,-0.1679,57,2,8,904.3
sliding_9,0.03,base+X[3.70-4.50),1.15,si,-0.1708,195,0,8,667.0
expanding,0.03,base+X[3.70-4.50),1.15,si,-0.1708,195,0,8,667.0
sliding_6,0.07,solo_X[3.50-4.50),1.25,no,-0.1712,109,3,8,813.4
sliding_7,0.05,solo_X[3.50-4.50),1.15,no,-0.1735,91,4,8,842.1
sliding_7,0.05,solo_X[3.50-4.50),1.15,si,-0.1735,91,4,8,842.1
sliding_6,0.03,base+X[3.50-4.50),1.15,si,-0.174,204,1,8,645.0
sliding_5,0.04,solo_X[3.50-4.50),1.25,si,-0.1749,119,1,8,791.9
sliding_5,0.06,solo_X[3.50-4.50),1.25,no,-0.1762,111,2,8,804.4
sliding_6,0.06,solo_X[3.50-4.50),1.25,no,-0.177,119,2,8,789.4
sliding_3,0.1,solo_X[3.50-4.50),1.2,si,-0.1774,65,3,8,884.7
sliding_3,0.1,solo_X[3.50-4.50),1.2,no,-0.1774,65,3,8,884.7
sliding_6,0.07,base+X[3.70-4.50),1.15,si,-0.179,145,1,8,740.4
sliding_6,0.06,solo_X[3.50-4.50),none,si,-0.1799,110,3,8,802.1
sliding_6,0.03,base+X[3.70-4.50),1.15,si,-0.1818,195,0,8,645.5
sliding_5,0.07,solo_X[3.50-4.50),none,si,-0.1829,102,3,8,813.4
sliding_6,0.04,solo_X[3.50-4.50),1.25,no,-0.1833,148,1,8,728.7
sliding_6,0.1,base+X[3.50-4.50),1.15,si,-0.1844,98,2,8,819.3
sliding_6,0.05,solo_X[3.50-4.50),1.25,si,-0.19,111,2,8,789.1
sliding_6,0.07,solo_X[3.50-4.50),none,si,-0.1901,102,3,8,806.1
sliding_7,0.1,solo_X[3.50-4.50),1.2,si,-0.1907,54,2,8,897.0
sliding_7,0.1,solo_X[3.50-4.50),1.2,no,-0.1907,54,2,8,897.0
sliding_5,0.05,solo_X[3.50-4.50),1.2,si,-0.1959,108,2,8,788.4
sliding_6,0.04,solo_X[3.50-4.50),none,si,-0.198,122,2,8,758.4
sliding_5,0.06,solo_X[3.50-4.50),none,si,-0.1983,109,3,8,783.9
sliding_7,0.04,solo_X[3.50-4.50),none,no,-0.1993,133,2,8,734.9
sliding_7,0.06,solo_X[3.50-4.50),none,no,-0.1997,113,3,8,774.3
sliding_7,0.06,solo_X[3.50-4.50),none,si,-0.1997,113,3,8,774.3
sliding_5,0.07,solo_X[3.50-4.50),1.2,si,-0.1999,94,2,8,812.1
expanding,0.05,solo_X[3.50-4.50),none,si,-0.2011,98,4,8,802.9
sliding_9,0.05,solo_X[3.50-4.50),none,si,-0.2011,98,4,8,802.9
sliding_5,0.06,solo_X[3.50-4.50),1.15,si,-0.2023,84,4,8,830.1
sliding_7,0.05,solo_X[3.50-4.50),none,si,-0.2027,114,3,8,768.9
sliding_6,0.07,solo_X[3.50-4.50),1.2,no,-0.2057,103,2,8,788.1
sliding_6,0.06,solo_X[3.50-4.50),1.2,no,-0.2088,113,2,8,764.1
sliding_6,0.04,solo_X[3.50-4.50),1.2,no,-0.2089,142,1,8,703.4
sliding_7,0.05,solo_X[3.50-4.50),1.2,no,-0.209,115,2,8,759.6
expanding,0.05,solo_X[3.50-4.50),none,no,-0.2092,99,4,8,792.9
sliding_9,0.05,solo_X[3.50-4.50),none,no,-0.2092,99,4,8,792.9
sliding_5,0.05,solo_X[3.50-4.50),1.25,si,-0.2105,110,2,8,768.4
sliding_6,0.03,solo_X[3.50-4.50),1.25,si,-0.2109,137,2,8,711.0
sliding_6,0.07,solo_X[3.50-4.50),1.15,no,-0.2151,79,3,8,830.1
sliding_6,0.04,solo_X[3.50-4.50),1.15,no,-0.2158,118,2,8,745.4
sliding_6,0.06,solo_X[3.50-4.50),1.15,no,-0.2179,89,3,8,806.1
sliding_7,0.1,solo_X[3.50-4.50),1.25,si,-0.2196,56,2,8,877.0
sliding_7,0.1,solo_X[3.50-4.50),1.25,no,-0.2196,56,2,8,877.0
sliding_7,0.05,solo_X[3.50-4.50),1.25,no,-0.2226,117,2,8,739.6
sliding_7,0.04,solo_X[3.50-4.50),1.15,no,-0.2274,102,3,8,768.1
sliding_7,0.04,solo_X[3.50-4.50),1.15,si,-0.2274,102,3,8,768.1
sliding_6,0.03,solo_X[3.50-4.50),1.2,si,-0.2341,130,2,8,695.7
sliding_7,0.06,solo_X[3.50-4.50),1.15,no,-0.2348,82,4,8,807.5
sliding_7,0.06,solo_X[3.50-4.50),1.15,si,-0.2348,82,4,8,807.5
sliding_6,0.1,solo_X[3.50-4.50),1.2,si,-0.2373,51,2,8,879.0
sliding_6,0.1,solo_X[3.50-4.50),1.2,no,-0.2373,51,2,8,879.0
sliding_7,0.07,solo_X[3.50-4.50),none,si,-0.2385,98,3,8,766.3
sliding_6,0.05,solo_X[3.50-4.50),1.2,si,-0.2394,107,2,8,743.8
expanding,0.05,solo_X[3.50-4.50),1.2,si,-0.2459,88,3,8,783.6
sliding_9,0.05,solo_X[3.50-4.50),1.2,si,-0.2459,88,3,8,783.6
sliding_7,0.07,solo_X[3.50-4.50),none,no,-0.2462,99,3,8,756.3
sliding_5,0.06,solo_X[3.50-4.50),1.2,si,-0.2474,100,2,8,752.6
sliding_7,0.03,solo_X[3.50-4.50),none,no,-0.2491,161,2,8,598.9
sliding_7,0.04,solo_X[3.50-4.50),1.2,no,-0.2495,126,1,8,685.6
expanding,0.06,solo_X[3.50-4.50),none,no,-0.2513,93,4,8,766.3
sliding_9,0.06,solo_X[3.50-4.50),none,si,-0.2513,93,4,8,766.3
sliding_9,0.06,solo_X[3.50-4.50),none,no,-0.2513,93,4,8,766.3
expanding,0.06,solo_X[3.50-4.50),none,si,-0.2513,93,4,8,766.3
sliding_9,0.05,solo_X[3.50-4.50),1.2,no,-0.2544,89,3,8,773.6
expanding,0.05,solo_X[3.50-4.50),1.2,no,-0.2544,89,3,8,773.6
sliding_6,0.06,solo_X[3.50-4.50),1.25,si,-0.2545,105,2,8,732.8
sliding_7,0.06,solo_X[3.50-4.50),1.2,no,-0.2594,106,2,8,725.0
sliding_7,0.06,solo_X[3.50-4.50),1.2,si,-0.2594,106,2,8,725.0
sliding_7,0.04,solo_X[3.50-4.50),1.25,no,-0.2612,128,1,8,665.6
sliding_7,0.05,solo_X[3.50-4.50),1.2,si,-0.2621,107,2,8,719.6
sliding_6,0.03,solo_X[3.50-4.50),1.15,si,-0.2624,119,3,8,687.7
sliding_6,0.04,solo_X[3.50-4.50),1.25,si,-0.2657,117,1,8,689.1
sliding_6,0.04,solo_X[3.50-4.50),1.2,si,-0.2679,121,1,8,675.8
sliding_7,0.04,solo_X[3.50-4.50),none,si,-0.2682,119,2,8,680.9
sliding_7,0.03,solo_X[3.50-4.50),none,si,-0.2696,128,2,8,654.9
expanding,0.05,solo_X[3.50-4.50),1.25,si,-0.2708,91,3,8,753.6
sliding_9,0.05,solo_X[3.50-4.50),1.25,si,-0.2708,91,3,8,753.6
sliding_6,0.07,solo_X[3.50-4.50),1.25,si,-0.2713,97,2,8,736.8
sliding_7,0.06,solo_X[3.50-4.50),1.25,no,-0.2731,108,2,8,705.0
sliding_7,0.06,solo_X[3.50-4.50),1.25,si,-0.2731,108,2,8,705.0
sliding_9,0.04,solo_X[3.50-4.50),none,no,-0.2753,113,2,8,688.9
expanding,0.04,solo_X[3.50-4.50),none,no,-0.2753,113,2,8,688.9
sliding_7,0.05,solo_X[3.50-4.50),1.25,si,-0.2756,109,2,8,699.6
expanding,0.05,solo_X[3.50-4.50),1.25,no,-0.2787,92,3,8,743.6
sliding_9,0.05,solo_X[3.50-4.50),1.25,no,-0.2787,92,3,8,743.6
sliding_9,0.05,solo_X[3.50-4.50),1.15,si,-0.2815,71,4,8,800.1
sliding_9,0.05,solo_X[3.50-4.50),1.15,no,-0.2815,71,4,8,800.1
expanding,0.05,solo_X[3.50-4.50),1.15,si,-0.2815,71,4,8,800.1
expanding,0.05,solo_X[3.50-4.50),1.15,no,-0.2815,71,4,8,800.1
sliding_7,0.03,solo_X[3.50-4.50),1.15,no,-0.283,130,3,8,632.1
sliding_9,0.1,solo_X[3.50-4.50),none,no,-0.2841,49,3,8,860.8
sliding_9,0.1,solo_X[3.50-4.50),none,si,-0.2841,49,3,8,860.8
expanding,0.1,solo_X[3.50-4.50),none,no,-0.2841,49,3,8,860.8
expanding,0.1,solo_X[3.50-4.50),none,si,-0.2841,49,3,8,860.8
sliding_6,0.05,solo_X[3.50-4.50),1.15,si,-0.2922,87,4,8,745.8
sliding_7,0.03,solo_X[3.50-4.50),1.2,no,-0.2925,154,2,8,549.6
sliding_5,0.07,solo_X[3.50-4.50),1.25,si,-0.2925,95,2,8,722.1
sliding_6,0.1,solo_X[3.50-4.50),1.15,no,-0.2926,27,3,8,921.0
sliding_6,0.1,solo_X[3.50-4.50),1.15,si,-0.2926,27,3,8,921.0
sliding_9,0.07,solo_X[3.50-4.50),none,si,-0.2948,82,4,8,758.3
expanding,0.07,solo_X[3.50-4.50),none,no,-0.2948,82,4,8,758.3
expanding,0.07,solo_X[3.50-4.50),none,si,-0.2948,82,4,8,758.3
sliding_9,0.07,solo_X[3.50-4.50),none,no,-0.2948,82,4,8,758.3
sliding_9,0.04,solo_X[3.50-4.50),none,si,-0.2973,106,2,8,684.9
expanding,0.04,solo_X[3.50-4.50),none,si,-0.2973,106,2,8,684.9
sliding_7,0.04,solo_X[3.50-4.50),1.2,si,-0.3003,118,1,8,645.6
sliding_5,0.06,solo_X[3.50-4.50),1.25,si,-0.3014,102,2,8,692.6
sliding_7,0.03,solo_X[3.50-4.50),1.25,no,-0.3015,156,2,8,529.6
sliding_9,0.06,solo_X[3.50-4.50),1.2,no,-0.3048,83,3,8,747.0
sliding_9,0.06,solo_X[3.50-4.50),1.2,si,-0.3048,83,3,8,747.0
expanding,0.06,solo_X[3.50-4.50),1.2,no,-0.3048,83,3,8,747.0
expanding,0.06,solo_X[3.50-4.50),1.2,si,-0.3048,83,3,8,747.0
sliding_6,0.06,solo_X[3.50-4.50),1.2,si,-0.3094,101,2,8,687.5
sliding_7,0.07,solo_X[3.50-4.50),1.15,si,-0.3096,68,3,8,789.5
sliding_7,0.07,solo_X[3.50-4.50),1.15,no,-0.3096,68,3,8,789.5
sliding_7,0.07,solo_X[3.50-4.50),1.2,si,-0.311,91,2,8,717.0
sliding_9,0.03,solo_X[3.50-4.50),none,no,-0.3127,135,1,8,577.9
expanding,0.03,solo_X[3.50-4.50),none,no,-0.3127,135,1,8,577.9
expanding,0.04,solo_X[3.50-4.50),1.2,si,-0.3141,102,2,8,679.6
sliding_9,0.04,solo_X[3.50-4.50),1.2,si,-0.3141,102,2,8,679.6
expanding,0.03,solo_X[3.50-4.50),none,si,-0.3151,113,1,8,643.9
sliding_9,0.03,solo_X[3.50-4.50),none,si,-0.3151,113,1,8,643.9
sliding_7,0.07,solo_X[3.50-4.50),1.2,no,-0.3185,92,2,8,707.0
sliding_9,0.04,solo_X[3.50-4.50),1.2,no,-0.3208,103,2,8,669.6
expanding,0.04,solo_X[3.50-4.50),1.2,no,-0.3208,103,2,8,669.6
sliding_6,0.04,solo_X[3.50-4.50),1.15,si,-0.3257,102,2,8,667.8
sliding_7,0.07,solo_X[3.50-4.50),1.25,si,-0.3258,93,2,8,697.0
sliding_9,0.06,solo_X[3.50-4.50),1.25,si,-0.3291,86,3,8,717.0
expanding,0.06,solo_X[3.50-4.50),1.25,no,-0.3291,86,3,8,717.0
expanding,0.06,solo_X[3.50-4.50),1.25,si,-0.3291,86,3,8,717.0
sliding_9,0.06,solo_X[3.50-4.50),1.25,no,-0.3291,86,3,8,717.0
sliding_6,0.07,solo_X[3.50-4.50),1.2,si,-0.3317,93,2,8,691.5
sliding_7,0.07,solo_X[3.50-4.50),1.25,no,-0.333,94,2,8,687.0
sliding_7,0.03,solo_X[3.50-4.50),1.25,si,-0.3369,123,2,8,585.6
sliding_7,0.03,solo_X[3.50-4.50),1.2,si,-0.3369,123,2,8,585.6
sliding_9,0.04,solo_X[3.50-4.50),1.25,no,-0.34,106,2,8,639.6
expanding,0.04,solo_X[3.50-4.50),1.25,no,-0.34,106,2,8,639.6
sliding_7,0.04,solo_X[3.50-4.50),1.25,si,-0.3407,114,1,8,611.6
sliding_7,0.03,solo_X[3.50-4.50),1.15,si,-0.3461,119,2,8,588.1
sliding_9,0.06,solo_X[3.50-4.50),1.15,si,-0.3485,65,4,8,773.5
sliding_9,0.06,solo_X[3.50-4.50),1.15,no,-0.3485,65,4,8,773.5
expanding,0.06,solo_X[3.50-4.50),1.15,no,-0.3485,65,4,8,773.5
expanding,0.06,solo_X[3.50-4.50),1.15,si,-0.3485,65,4,8,773.5
sliding_9,0.03,solo_X[3.50-4.50),1.2,no,-0.3531,125,2,8,558.6
expanding,0.03,solo_X[3.50-4.50),1.2,no,-0.3531,125,2,8,558.6
sliding_9,0.04,solo_X[3.50-4.50),1.15,si,-0.3575,85,2,8,696.1
expanding,0.04,solo_X[3.50-4.50),1.15,no,-0.3575,85,2,8,696.1
expanding,0.04,solo_X[3.50-4.50),1.15,si,-0.3575,85,2,8,696.1
sliding_9,0.04,solo_X[3.50-4.50),1.15,no,-0.3575,85,2,8,696.1
sliding_6,0.07,solo_X[3.50-4.50),1.15,si,-0.3597,72,3,8,741.0
sliding_9,0.07,solo_X[3.50-4.50),1.2,si,-0.3625,72,3,8,739.0
expanding,0.07,solo_X[3.50-4.50),1.2,no,-0.3625,72,3,8,739.0
sliding_9,0.07,solo_X[3.50-4.50),1.2,no,-0.3625,72,3,8,739.0
expanding,0.07,solo_X[3.50-4.50),1.2,si,-0.3625,72,3,8,739.0
expanding,0.04,solo_X[3.50-4.50),1.25,si,-0.3681,99,2,8,635.6
sliding_9,0.04,solo_X[3.50-4.50),1.25,si,-0.3681,99,2,8,635.6
expanding,0.03,solo_X[3.50-4.50),1.25,no,-0.3683,128,1,8,528.6
sliding_9,0.03,solo_X[3.50-4.50),1.25,no,-0.3683,128,1,8,528.6
sliding_6,0.06,solo_X[3.50-4.50),1.15,si,-0.3756,80,3,8,699.5
sliding_9,0.03,solo_X[3.50-4.50),1.2,si,-0.3766,105,2,8,604.6
expanding,0.03,solo_X[3.50-4.50),1.2,si,-0.3766,105,2,8,604.6
sliding_9,0.03,solo_X[3.50-4.50),1.25,si,-0.3825,106,1,8,594.6
expanding,0.03,solo_X[3.50-4.50),1.25,si,-0.3825,106,1,8,594.6
expanding,0.03,solo_X[3.50-4.50),1.15,no,-0.3878,107,1,8,585.1
sliding_9,0.03,solo_X[3.50-4.50),1.15,no,-0.3878,107,1,8,585.1
sliding_9,0.07,solo_X[3.50-4.50),1.25,si,-0.388,75,3,8,709.0
sliding_9,0.07,solo_X[3.50-4.50),1.25,no,-0.388,75,3,8,709.0
expanding,0.07,solo_X[3.50-4.50),1.25,si,-0.388,75,3,8,709.0
expanding,0.07,solo_X[3.50-4.50),1.25,no,-0.388,75,3,8,709.0
expanding,0.1,solo_X[3.50-4.50),1.2,si,-0.4064,39,2,8,841.5
sliding_9,0.1,solo_X[3.50-4.50),1.2,no,-0.4064,39,2,8,841.5
expanding,0.1,solo_X[3.50-4.50),1.2,no,-0.4064,39,2,8,841.5
sliding_9,0.1,solo_X[3.50-4.50),1.2,si,-0.4064,39,2,8,841.5
expanding,0.03,solo_X[3.50-4.50),1.15,si,-0.4189,100,1,8,581.1
sliding_9,0.03,solo_X[3.50-4.50),1.15,si,-0.4189,100,1,8,581.1
sliding_9,0.07,solo_X[3.50-4.50),1.15,si,-0.4343,54,4,8,765.5
sliding_9,0.07,solo_X[3.50-4.50),1.15,no,-0.4343,54,4,8,765.5
expanding,0.07,solo_X[3.50-4.50),1.15,si,-0.4343,54,4,8,765.5
expanding,0.07,solo_X[3.50-4.50),1.15,no,-0.4343,54,4,8,765.5
expanding,0.1,solo_X[3.50-4.50),1.25,si,-0.4488,42,2,8,811.5
expanding,0.1,solo_X[3.50-4.50),1.25,no,-0.4488,42,2,8,811.5
sliding_9,0.1,solo_X[3.50-4.50),1.25,si,-0.4488,42,2,8,811.5
sliding_9,0.1,solo_X[3.50-4.50),1.25,no,-0.4488,42,2,8,811.5
